case,prompt,selected_view,selected_view_tdc,threshold,probability_shape,attention_shape,gt_shape,valid_mask_source,probability_interpolation,gt_interpolation,region,valid_voxel_count,probability_voxel_count,probability_mean,probability_std,probability_min,probability_p05,probability_p25,probability_median,probability_p75,probability_p95,probability_max,raw_attention_voxel_count,raw_attention_mean,raw_attention_std,raw_attention_min,raw_attention_p05,raw_attention_p25,raw_attention_median,raw_attention_p75,raw_attention_p95,raw_attention_max,rank_attention_voxel_count,rank_attention_mean,rank_attention_std,rank_attention_min,rank_attention_p05,rank_attention_p25,rank_attention_median,rank_attention_p75,rank_attention_p95,rank_attention_max,residual_voxel_count,residual_mean,residual_std,residual_min,residual_p05,residual_p25,residual_median,residual_p75,residual_p95,residual_max,decoder_stage,is_final_output,raw_shape,aligned_shape,attention_memory_shape,attention_layer,attention_head_aggregation,attention_query,attention_semantics,decoder_metadata_json,decoder_semantics_json,view_count,tdc_scores_json,tdc_ranks_json,view_params_json,tdc_embedding_forward_count,diagnostic_embedding_forward_count
HEM_PA29,liver,6,0.7196596264839172,0.5,"[23, 677, 1022]","[23, 677, 1022]","[23, 677, 1022]",predictor_crop_to_nonzero_bbox_padding_removed,none_same_size,nearest,valid,15913562,15913562,0.05923764780163765,0.22225011885166168,3.525429724437199e-37,2.5887067049305077e-19,6.856496126985106e-17,2.6023545704424375e-14,2.7427142867963994e-06,0.8282026648521423,0.9999973773956299,15913562,0.000796016538515687,0.0011028770823031664,5.00447531521786e-05,0.00015147584781516343,0.00035613373620435596,0.0005203438922762871,0.0007370114326477051,0.0024800437968224287,0.023943182080984116,15913562,0.5,0.28867512941360474,0.0,0.05000000074505806,0.25,0.5000000596046448,0.75,0.949999988079071,1.0,15913562,4.909334605507354e-10,0.4867107570171356,-0.9965088367462158,-0.8080043792724609,-0.48633426427841187,0.1507357656955719,0.4028884172439575,0.6354187726974487,0.9857252240180969,D5,True,"[192, 192, 192]","[23, 677, 1022]","[12, 12, 12]",last_transformer_decoder_layer,mean_all_heads,current_organ_query,"patch-local softmax cross-attention, upsampled and Gaussian fused","[{""decoder_stage"": ""D1"", ""stage_number"": 1, ""model_output_list_index"": 4, ""internal_stage_index"": 0, ""encoder_skip_index"": 4, ""upsampling_order"": 1, ""is_final_output"": false, ""raw_shape"": [12, 12, 12], ""aligned_shape"": [23, 677, 1022]}, {""decoder_stage"": ""D2"", ""stage_number"": 2, ""model_output_list_index"": 3, ""internal_stage_index"": 1, ""encoder_skip_index"": 3, ""upsampling_order"": 2, ""is_final_output"": false, ""raw_shape"": [24, 24, 24], ""aligned_shape"": [23, 677, 1022]}, {""decoder_stage"": ""D3"", ""stage_number"": 3, ""model_output_list_index"": 2, ""internal_stage_index"": 2, ""encoder_skip_index"": 2, ""upsampling_order"": 3, ""is_final_output"": false, ""raw_shape"": [48, 48, 48], ""aligned_shape"": [23, 677, 1022]}, {""decoder_stage"": ""D4"", ""stage_number"": 4, ""model_output_list_index"": 1, ""internal_stage_index"": 3, ""encoder_skip_index"": 1, ""upsampling_order"": 4, ""is_final_output"": false, ""raw_shape"": [96, 96, 96], ""aligned_shape"": [23, 677, 1022]}, {""decoder_stage"": ""D5"", ""stage_number"": 5, ""model_output_list_index"": 0, ""internal_stage_index"": 4, ""encoder_skip_index"": 0, ""upsampling_order"": 5, ""is_final_output"": true, ""raw_shape"": [192, 192, 192], ""aligned_shape"": [23, 677, 1022]}]","{""D1"": ""patch_upsampled_then_sliding_window_gaussian_fused_full_volume"", ""D2"": ""patch_upsampled_then_sliding_window_gaussian_fused_full_volume"", ""D3"": ""patch_upsampled_then_sliding_window_gaussian_fused_full_volume"", ""D4"": ""patch_upsampled_then_sliding_window_gaussian_fused_full_volume"", ""D5"": ""final_output_sliding_window_gaussian_fused_full_volume""}",10,"[0.7143054008483887, 0.7103845477104187, 0.7075269818305969, 0.718602180480957, 0.7178866863250732, 0.6994171738624573, 0.7196596264839172, 0.7168557047843933, 0.6989328265190125, 0.6991348266601562]","[4.0, 5.0, 6.0, 1.0, 2.0, 7.0, 0.0, 3.0, 9.0, 8.0]","[{""scale"": 1.0, ""offset"": 0.0}, {""scale"": 0.8576596975326538, ""offset"": 0.022799618542194366}, {""scale"": 0.9928988218307495, ""offset"": 0.0472419299185276}, {""scale"": 1.0979764461517334, ""offset"": -0.12551169097423553}, {""scale"": 1.1008217334747314, ""offset"": -0.07787436246871948}, {""scale"": 0.8651278018951416, ""offset"": 0.08951590210199356}, {""scale"": 0.8584694862365723, ""offset"": -0.10946401208639145}, {""scale"": 1.0178632736206055, ""offset"": -0.037078000605106354}, {""scale"": 1.0705900192260742, ""offset"": 0.1143781915307045}, {""scale"": 0.950071394443512, ""offset"": 0.10077878832817078}]",240,70
HEM_PA29,liver,6,0.7196596264839172,0.5,"[23, 677, 1022]","[23, 677, 1022]","[23, 677, 1022]",predictor_crop_to_nonzero_bbox_padding_removed,none_same_size,nearest,gt_foreground,15913562,1412055,0.5471903681755066,0.4451119303703308,1.5292477017649664e-19,1.2435336438419535e-14,0.0077629550360143185,0.7602070569992065,0.988149881362915,0.9990981817245483,0.9999973773956299,1412055,0.0007674930966459215,0.0015087208012118936,5.00447531521786e-05,0.00012058680295012891,0.00021361096878536046,0.0003935494169127196,0.0007353548426181078,0.002213921630755067,0.023943182080984116,1412055,0.41071200370788574,0.32536080479621887,0.0,0.02257595956325531,0.12072235345840454,0.27639394998550415,0.7490628957748413,0.9400414824485779,1.0,1412055,-0.4707620143890381,0.436151921749115,-0.9965088367462158,-0.9310111403465271,-0.8309115171432495,-0.665620744228363,-0.16251927614212036,0.42040419578552246,0.8816546201705933,D5,True,"[192, 192, 192]","[23, 677, 1022]","[12, 12, 12]",last_transformer_decoder_layer,mean_all_heads,current_organ_query,"patch-local softmax cross-attention, upsampled and Gaussian fused","[{""decoder_stage"": ""D1"", ""stage_number"": 1, ""model_output_list_index"": 4, ""internal_stage_index"": 0, ""encoder_skip_index"": 4, ""upsampling_order"": 1, ""is_final_output"": false, ""raw_shape"": [12, 12, 12], ""aligned_shape"": [23, 677, 1022]}, {""decoder_stage"": ""D2"", ""stage_number"": 2, ""model_output_list_index"": 3, ""internal_stage_index"": 1, ""encoder_skip_index"": 3, ""upsampling_order"": 2, ""is_final_output"": false, ""raw_shape"": [24, 24, 24], ""aligned_shape"": [23, 677, 1022]}, {""decoder_stage"": ""D3"", ""stage_number"": 3, ""model_output_list_index"": 2, ""internal_stage_index"": 2, ""encoder_skip_index"": 2, ""upsampling_order"": 3, ""is_final_output"": false, ""raw_shape"": [48, 48, 48], ""aligned_shape"": [23, 677, 1022]}, {""decoder_stage"": ""D4"", ""stage_number"": 4, ""model_output_list_index"": 1, ""internal_stage_index"": 3, ""encoder_skip_index"": 1, ""upsampling_order"": 4, ""is_final_output"": false, ""raw_shape"": [96, 96, 96], ""aligned_shape"": [23, 677, 1022]}, {""decoder_stage"": ""D5"", ""stage_number"": 5, ""model_output_list_index"": 0, ""internal_stage_index"": 4, ""encoder_skip_index"": 0, ""upsampling_order"": 5, ""is_final_output"": true, ""raw_shape"": [192, 192, 192], ""aligned_shape"": [23, 677, 1022]}]","{""D1"": ""patch_upsampled_then_sliding_window_gaussian_fused_full_volume"", ""D2"": ""patch_upsampled_then_sliding_window_gaussian_fused_full_volume"", ""D3"": ""patch_upsampled_then_sliding_window_gaussian_fused_full_volume"", ""D4"": ""patch_upsampled_then_sliding_window_gaussian_fused_full_volume"", ""D5"": ""final_output_sliding_window_gaussian_fused_full_volume""}",10,"[0.7143054008483887, 0.7103845477104187, 0.7075269818305969, 0.718602180480957, 0.7178866863250732, 0.6994171738624573, 0.7196596264839172, 0.7168557047843933, 0.6989328265190125, 0.6991348266601562]","[4.0, 5.0, 6.0, 1.0, 2.0, 7.0, 0.0, 3.0, 9.0, 8.0]","[{""scale"": 1.0, ""offset"": 0.0}, {""scale"": 0.8576596975326538, ""offset"": 0.022799618542194366}, {""scale"": 0.9928988218307495, ""offset"": 0.0472419299185276}, {""scale"": 1.0979764461517334, ""offset"": -0.12551169097423553}, {""scale"": 1.1008217334747314, ""offset"": -0.07787436246871948}, {""scale"": 0.8651278018951416, ""offset"": 0.08951590210199356}, {""scale"": 0.8584694862365723, ""offset"": -0.10946401208639145}, {""scale"": 1.0178632736206055, ""offset"": -0.037078000605106354}, {""scale"": 1.0705900192260742, ""offset"": 0.1143781915307045}, {""scale"": 0.950071394443512, ""offset"": 0.10077878832817078}]",240,70
HEM_PA29,liver,6,0.7196596264839172,0.5,"[23, 677, 1022]","[23, 677, 1022]","[23, 677, 1022]",predictor_crop_to_nonzero_bbox_padding_removed,none_same_size,nearest,gt_background_valid,15913562,14501507,0.011724240146577358,0.09731936454772949,3.525429724437199e-37,1.8665965124885263e-19,4.567411424598531e-17,5.2743386372809675e-15,4.0887164232117357e-07,0.0006430934299714863,0.9999890327453613,14501507,0.000798793975263834,0.0010550095466896892,5.137423795531504e-05,0.00015818292740732431,0.0003867383929900825,0.0005249115638434887,0.0007371765677817166,0.00249262317083776,0.02389483153820038,14501507,0.5086942315101624,0.2833513617515564,2.010863454415812e-06,0.05700875446200371,0.271576464176178,0.509566068649292,0.7500888109207153,0.9504331946372986,0.9999998807907104,14501507,0.04583950340747833,0.4666368067264557,-0.9953139424324036,-0.748066246509552,-0.40850725769996643,0.20284415781497955,0.4168221950531006,0.6451137661933899,0.9857252240180969,D5,True,"[192, 192, 192]","[23, 677, 1022]","[12, 12, 12]",last_transformer_decoder_layer,mean_all_heads,current_organ_query,"patch-local softmax cross-attention, upsampled and Gaussian fused","[{""decoder_stage"": ""D1"", ""stage_number"": 1, ""model_output_list_index"": 4, ""internal_stage_index"": 0, ""encoder_skip_index"": 4, ""upsampling_order"": 1, ""is_final_output"": false, ""raw_shape"": [12, 12, 12], ""aligned_shape"": [23, 677, 1022]}, {""decoder_stage"": ""D2"", ""stage_number"": 2, ""model_output_list_index"": 3, ""internal_stage_index"": 1, ""encoder_skip_index"": 3, ""upsampling_order"": 2, ""is_final_output"": false, ""raw_shape"": [24, 24, 24], ""aligned_shape"": [23, 677, 1022]}, {""decoder_stage"": ""D3"", ""stage_number"": 3, ""model_output_list_index"": 2, ""internal_stage_index"": 2, ""encoder_skip_index"": 2, ""upsampling_order"": 3, ""is_final_output"": false, ""raw_shape"": [48, 48, 48], ""aligned_shape"": [23, 677, 1022]}, {""decoder_stage"": ""D4"", ""stage_number"": 4, ""model_output_list_index"": 1, ""internal_stage_index"": 3, ""encoder_skip_index"": 1, ""upsampling_order"": 4, ""is_final_output"": false, ""raw_shape"": [96, 96, 96], ""aligned_shape"": [23, 677, 1022]}, {""decoder_stage"": ""D5"", ""stage_number"": 5, ""model_output_list_index"": 0, ""internal_stage_index"": 4, ""encoder_skip_index"": 0, ""upsampling_order"": 5, ""is_final_output"": true, ""raw_shape"": [192, 192, 192], ""aligned_shape"": [23, 677, 1022]}]","{""D1"": ""patch_upsampled_then_sliding_window_gaussian_fused_full_volume"", ""D2"": ""patch_upsampled_then_sliding_window_gaussian_fused_full_volume"", ""D3"": ""patch_upsampled_then_sliding_window_gaussian_fused_full_volume"", ""D4"": ""patch_upsampled_then_sliding_window_gaussian_fused_full_volume"", ""D5"": ""final_output_sliding_window_gaussian_fused_full_volume""}",10,"[0.7143054008483887, 0.7103845477104187, 0.7075269818305969, 0.718602180480957, 0.7178866863250732, 0.6994171738624573, 0.7196596264839172, 0.7168557047843933, 0.6989328265190125, 0.6991348266601562]","[4.0, 5.0, 6.0, 1.0, 2.0, 7.0, 0.0, 3.0, 9.0, 8.0]","[{""scale"": 1.0, ""offset"": 0.0}, {""scale"": 0.8576596975326538, ""offset"": 0.022799618542194366}, {""scale"": 0.9928988218307495, ""offset"": 0.0472419299185276}, {""scale"": 1.0979764461517334, ""offset"": -0.12551169097423553}, {""scale"": 1.1008217334747314, ""offset"": -0.07787436246871948}, {""scale"": 0.8651278018951416, ""offset"": 0.08951590210199356}, {""scale"": 0.8584694862365723, ""offset"": -0.10946401208639145}, {""scale"": 1.0178632736206055, ""offset"": -0.037078000605106354}, {""scale"": 1.0705900192260742, ""offset"": 0.1143781915307045}, {""scale"": 0.950071394443512, ""offset"": 0.10077878832817078}]",240,70
HEM_PA29,liver,6,0.7196596264839172,0.5,"[23, 677, 1022]","[23, 677, 1022]","[23, 677, 1022]",predictor_crop_to_nonzero_bbox_padding_removed,none_same_size,nearest,TP,15913562,786101,0.9307746291160583,0.11240113526582718,0.5000001788139343,0.6440810561180115,0.9243906736373901,0.9841138124465942,0.9963330030441284,0.9995545744895935,0.9999973773956299,786101,0.00045398002839647233,0.00033844320569187403,5.234199852566235e-05,0.00012172215065220371,0.0002059364487649873,0.0003400529094506055,0.0006088908994570374,0.0011829326394945383,0.0032925563864409924,786101,0.35233569145202637,0.2906244993209839,5.781232630397426e-06,0.02349153719842434,0.11168031394481659,0.23825207352638245,0.6383065581321716,0.8617844581604004,0.9701862931251526,786101,-0.6185715198516846,0.2880750298500061,-0.9965088367462158,-0.9482454657554626,-0.8555757403373718,-0.7318263649940491,-0.3349142074584961,-0.11775165796279907,0.029825448989868164,D5,True,"[192, 192, 192]","[23, 677, 1022]","[12, 12, 12]",last_transformer_decoder_layer,mean_all_heads,current_organ_query,"patch-local softmax cross-attention, upsampled and Gaussian fused","[{""decoder_stage"": ""D1"", ""stage_number"": 1, ""model_output_list_index"": 4, ""internal_stage_index"": 0, ""encoder_skip_index"": 4, ""upsampling_order"": 1, ""is_final_output"": false, ""raw_shape"": [12, 12, 12], ""aligned_shape"": [23, 677, 1022]}, {""decoder_stage"": ""D2"", ""stage_number"": 2, ""model_output_list_index"": 3, ""internal_stage_index"": 1, ""encoder_skip_index"": 3, ""upsampling_order"": 2, ""is_final_output"": false, ""raw_shape"": [24, 24, 24], ""aligned_shape"": [23, 677, 1022]}, {""decoder_stage"": ""D3"", ""stage_number"": 3, ""model_output_list_index"": 2, ""internal_stage_index"": 2, ""encoder_skip_index"": 2, ""upsampling_order"": 3, ""is_final_output"": false, ""raw_shape"": [48, 48, 48], ""aligned_shape"": [23, 677, 1022]}, {""decoder_stage"": ""D4"", ""stage_number"": 4, ""model_output_list_index"": 1, ""internal_stage_index"": 3, ""encoder_skip_index"": 1, ""upsampling_order"": 4, ""is_final_output"": false, ""raw_shape"": [96, 96, 96], ""aligned_shape"": [23, 677, 1022]}, {""decoder_stage"": ""D5"", ""stage_number"": 5, ""model_output_list_index"": 0, ""internal_stage_index"": 4, ""encoder_skip_index"": 0, ""upsampling_order"": 5, ""is_final_output"": true, ""raw_shape"": [192, 192, 192], ""aligned_shape"": [23, 677, 1022]}]","{""D1"": ""patch_upsampled_then_sliding_window_gaussian_fused_full_volume"", ""D2"": ""patch_upsampled_then_sliding_window_gaussian_fused_full_volume"", ""D3"": ""patch_upsampled_then_sliding_window_gaussian_fused_full_volume"", ""D4"": ""patch_upsampled_then_sliding_window_gaussian_fused_full_volume"", ""D5"": ""final_output_sliding_window_gaussian_fused_full_volume""}",10,"[0.7143054008483887, 0.7103845477104187, 0.7075269818305969, 0.718602180480957, 0.7178866863250732, 0.6994171738624573, 0.7196596264839172, 0.7168557047843933, 0.6989328265190125, 0.6991348266601562]","[4.0, 5.0, 6.0, 1.0, 2.0, 7.0, 0.0, 3.0, 9.0, 8.0]","[{""scale"": 1.0, ""offset"": 0.0}, {""scale"": 0.8576596975326538, ""offset"": 0.022799618542194366}, {""scale"": 0.9928988218307495, ""offset"": 0.0472419299185276}, {""scale"": 1.0979764461517334, ""offset"": -0.12551169097423553}, {""scale"": 1.1008217334747314, ""offset"": -0.07787436246871948}, {""scale"": 0.8651278018951416, ""offset"": 0.08951590210199356}, {""scale"": 0.8584694862365723, ""offset"": -0.10946401208639145}, {""scale"": 1.0178632736206055, ""offset"": -0.037078000605106354}, {""scale"": 1.0705900192260742, ""offset"": 0.1143781915307045}, {""scale"": 0.950071394443512, ""offset"": 0.10077878832817078}]",240,70
HEM_PA29,liver,6,0.7196596264839172,0.5,"[23, 677, 1022]","[23, 677, 1022]","[23, 677, 1022]",predictor_crop_to_nonzero_bbox_padding_removed,none_same_size,nearest,FN,15913562,625954,0.06546815484762192,0.11930953711271286,1.5292477017649664e-19,1.4599399527777629e-15,1.1825929992215212e-11,0.002909574192017317,0.06807814538478851,0.3737806975841522,0.49999523162841797,625954,0.0011612167581915855,0.0021708374843001366,5.00447531521786e-05,0.00011883935076184571,0.00023180233256425709,0.0005058799870312214,0.0009636623435653746,0.005124176386743784,0.023943182080984116,625954,0.4840236008167267,0.3508230447769165,0.0,0.021185481920838356,0.14123877882957458,0.46788138151168823,0.8251549601554871,0.9879958629608154,1.0,625954,-0.28513622283935547,0.5128476023674011,-0.940190315246582,-0.8962987661361694,-0.7774686813354492,-0.3721357583999634,0.23902931809425354,0.49456456303596497,0.8816546201705933,D5,True,"[192, 192, 192]","[23, 677, 1022]","[12, 12, 12]",last_transformer_decoder_layer,mean_all_heads,current_organ_query,"patch-local softmax cross-attention, upsampled and Gaussian fused","[{""decoder_stage"": ""D1"", ""stage_number"": 1, ""model_output_list_index"": 4, ""internal_stage_index"": 0, ""encoder_skip_index"": 4, ""upsampling_order"": 1, ""is_final_output"": false, ""raw_shape"": [12, 12, 12], ""aligned_shape"": [23, 677, 1022]}, {""decoder_stage"": ""D2"", ""stage_number"": 2, ""model_output_list_index"": 3, ""internal_stage_index"": 1, ""encoder_skip_index"": 3, ""upsampling_order"": 2, ""is_final_output"": false, ""raw_shape"": [24, 24, 24], ""aligned_shape"": [23, 677, 1022]}, {""decoder_stage"": ""D3"", ""stage_number"": 3, ""model_output_list_index"": 2, ""internal_stage_index"": 2, ""encoder_skip_index"": 2, ""upsampling_order"": 3, ""is_final_output"": false, ""raw_shape"": [48, 48, 48], ""aligned_shape"": [23, 677, 1022]}, {""decoder_stage"": ""D4"", ""stage_number"": 4, ""model_output_list_index"": 1, ""internal_stage_index"": 3, ""encoder_skip_index"": 1, ""upsampling_order"": 4, ""is_final_output"": false, ""raw_shape"": [96, 96, 96], ""aligned_shape"": [23, 677, 1022]}, {""decoder_stage"": ""D5"", ""stage_number"": 5, ""model_output_list_index"": 0, ""internal_stage_index"": 4, ""encoder_skip_index"": 0, ""upsampling_order"": 5, ""is_final_output"": true, ""raw_shape"": [192, 192, 192], ""aligned_shape"": [23, 677, 1022]}]","{""D1"": ""patch_upsampled_then_sliding_window_gaussian_fused_full_volume"", ""D2"": ""patch_upsampled_then_sliding_window_gaussian_fused_full_volume"", ""D3"": ""patch_upsampled_then_sliding_window_gaussian_fused_full_volume"", ""D4"": ""patch_upsampled_then_sliding_window_gaussian_fused_full_volume"", ""D5"": ""final_output_sliding_window_gaussian_fused_full_volume""}",10,"[0.7143054008483887, 0.7103845477104187, 0.7075269818305969, 0.718602180480957, 0.7178866863250732, 0.6994171738624573, 0.7196596264839172, 0.7168557047843933, 0.6989328265190125, 0.6991348266601562]","[4.0, 5.0, 6.0, 1.0, 2.0, 7.0, 0.0, 3.0, 9.0, 8.0]","[{""scale"": 1.0, ""offset"": 0.0}, {""scale"": 0.8576596975326538, ""offset"": 0.022799618542194366}, {""scale"": 0.9928988218307495, ""offset"": 0.0472419299185276}, {""scale"": 1.0979764461517334, ""offset"": -0.12551169097423553}, {""scale"": 1.1008217334747314, ""offset"": -0.07787436246871948}, {""scale"": 0.8651278018951416, ""offset"": 0.08951590210199356}, {""scale"": 0.8584694862365723, ""offset"": -0.10946401208639145}, {""scale"": 1.0178632736206055, ""offset"": -0.037078000605106354}, {""scale"": 1.0705900192260742, ""offset"": 0.1143781915307045}, {""scale"": 0.950071394443512, ""offset"": 0.10077878832817078}]",240,70
HEM_PA29,liver,6,0.7196596264839172,0.5,"[23, 677, 1022]","[23, 677, 1022]","[23, 677, 1022]",predictor_crop_to_nonzero_bbox_padding_removed,none_same_size,nearest,FP,15913562,164000,0.8914827704429626,0.1390966773033142,0.5000009536743164,0.5749316215515137,0.8258128762245178,0.9625608921051025,0.9952626824378967,0.9996849298477173,0.9999890327453613,164000,0.00030306458938866854,0.00024575876886956394,5.3866573580307886e-05,9.500025043962523e-05,0.00014726707013323903,0.0002192015526816249,0.0003704170521814376,0.0007965638651512563,0.0023114276118576527,164000,0.20933176577091217,0.23083434998989105,1.5835550584597513e-05,0.007202442269772291,0.045814625918865204,0.1271994411945343,0.260125070810318,0.7786056399345398,0.9439520239830017,164000,-0.7571775317192078,0.23537680506706238,-0.9953139424324036,-0.9662780165672302,-0.9235186576843262,-0.844353199005127,-0.700838565826416,-0.17772197723388672,0.002519547939300537,D5,True,"[192, 192, 192]","[23, 677, 1022]","[12, 12, 12]",last_transformer_decoder_layer,mean_all_heads,current_organ_query,"patch-local softmax cross-attention, upsampled and Gaussian fused","[{""decoder_stage"": ""D1"", ""stage_number"": 1, ""model_output_list_index"": 4, ""internal_stage_index"": 0, ""encoder_skip_index"": 4, ""upsampling_order"": 1, ""is_final_output"": false, ""raw_shape"": [12, 12, 12], ""aligned_shape"": [23, 677, 1022]}, {""decoder_stage"": ""D2"", ""stage_number"": 2, ""model_output_list_index"": 3, ""internal_stage_index"": 1, ""encoder_skip_index"": 3, ""upsampling_order"": 2, ""is_final_output"": false, ""raw_shape"": [24, 24, 24], ""aligned_shape"": [23, 677, 1022]}, {""decoder_stage"": ""D3"", ""stage_number"": 3, ""model_output_list_index"": 2, ""internal_stage_index"": 2, ""encoder_skip_index"": 2, ""upsampling_order"": 3, ""is_final_output"": false, ""raw_shape"": [48, 48, 48], ""aligned_shape"": [23, 677, 1022]}, {""decoder_stage"": ""D4"", ""stage_number"": 4, ""model_output_list_index"": 1, ""internal_stage_index"": 3, ""encoder_skip_index"": 1, ""upsampling_order"": 4, ""is_final_output"": false, ""raw_shape"": [96, 96, 96], ""aligned_shape"": [23, 677, 1022]}, {""decoder_stage"": ""D5"", ""stage_number"": 5, ""model_output_list_index"": 0, ""internal_stage_index"": 4, ""encoder_skip_index"": 0, ""upsampling_order"": 5, ""is_final_output"": true, ""raw_shape"": [192, 192, 192], ""aligned_shape"": [23, 677, 1022]}]","{""D1"": ""patch_upsampled_then_sliding_window_gaussian_fused_full_volume"", ""D2"": ""patch_upsampled_then_sliding_window_gaussian_fused_full_volume"", ""D3"": ""patch_upsampled_then_sliding_window_gaussian_fused_full_volume"", ""D4"": ""patch_upsampled_then_sliding_window_gaussian_fused_full_volume"", ""D5"": ""final_output_sliding_window_gaussian_fused_full_volume""}",10,"[0.7143054008483887, 0.7103845477104187, 0.7075269818305969, 0.718602180480957, 0.7178866863250732, 0.6994171738624573, 0.7196596264839172, 0.7168557047843933, 0.6989328265190125, 0.6991348266601562]","[4.0, 5.0, 6.0, 1.0, 2.0, 7.0, 0.0, 3.0, 9.0, 8.0]","[{""scale"": 1.0, ""offset"": 0.0}, {""scale"": 0.8576596975326538, ""offset"": 0.022799618542194366}, {""scale"": 0.9928988218307495, ""offset"": 0.0472419299185276}, {""scale"": 1.0979764461517334, ""offset"": -0.12551169097423553}, {""scale"": 1.1008217334747314, ""offset"": -0.07787436246871948}, {""scale"": 0.8651278018951416, ""offset"": 0.08951590210199356}, {""scale"": 0.8584694862365723, ""offset"": -0.10946401208639145}, {""scale"": 1.0178632736206055, ""offset"": -0.037078000605106354}, {""scale"": 1.0705900192260742, ""offset"": 0.1143781915307045}, {""scale"": 0.950071394443512, ""offset"": 0.10077878832817078}]",240,70
HEM_PA29,liver,6,0.7196596264839172,0.5,"[23, 677, 1022]","[23, 677, 1022]","[23, 677, 1022]",predictor_crop_to_nonzero_bbox_padding_removed,none_same_size,nearest,TN,15913562,14337507,0.001661096466705203,0.020091747865080833,3.525429724437199e-37,1.7898322129390446e-19,4.356824475532331e-17,4.4814497300810566e-15,2.99107114187791e-07,0.00032385901431553066,0.4999995231628418,14337507,0.0008044645073823631,0.0010593595216050744,5.137423795531504e-05,0.0001610914769116789,0.0003955424763262272,0.0005268264794722199,0.000741000403650105,0.002508660778403282,0.02389483153820038,14337507,0.5121185183525085,0.28206393122673035,2.010863454415812e-06,0.06014419347047806,0.27778103947639465,0.5134838819503784,0.7522333264350891,0.9509689211845398,0.9999998807907104,14337507,0.05502483621239662,0.46059373021125793,-0.9400575757026672,-0.7335956692695618,-0.38768792152404785,0.2096530795097351,0.4189419150352478,0.6463817954063416,0.9857252240180969,D5,True,"[192, 192, 192]","[23, 677, 1022]","[12, 12, 12]",last_transformer_decoder_layer,mean_all_heads,current_organ_query,"patch-local softmax cross-attention, upsampled and Gaussian fused","[{""decoder_stage"": ""D1"", ""stage_number"": 1, ""model_output_list_index"": 4, ""internal_stage_index"": 0, ""encoder_skip_index"": 4, ""upsampling_order"": 1, ""is_final_output"": false, ""raw_shape"": [12, 12, 12], ""aligned_shape"": [23, 677, 1022]}, {""decoder_stage"": ""D2"", ""stage_number"": 2, ""model_output_list_index"": 3, ""internal_stage_index"": 1, ""encoder_skip_index"": 3, ""upsampling_order"": 2, ""is_final_output"": false, ""raw_shape"": [24, 24, 24], ""aligned_shape"": [23, 677, 1022]}, {""decoder_stage"": ""D3"", ""stage_number"": 3, ""model_output_list_index"": 2, ""internal_stage_index"": 2, ""encoder_skip_index"": 2, ""upsampling_order"": 3, ""is_final_output"": false, ""raw_shape"": [48, 48, 48], ""aligned_shape"": [23, 677, 1022]}, {""decoder_stage"": ""D4"", ""stage_number"": 4, ""model_output_list_index"": 1, ""internal_stage_index"": 3, ""encoder_skip_index"": 1, ""upsampling_order"": 4, ""is_final_output"": false, ""raw_shape"": [96, 96, 96], ""aligned_shape"": [23, 677, 1022]}, {""decoder_stage"": ""D5"", ""stage_number"": 5, ""model_output_list_index"": 0, ""internal_stage_index"": 4, ""encoder_skip_index"": 0, ""upsampling_order"": 5, ""is_final_output"": true, ""raw_shape"": [192, 192, 192], ""aligned_shape"": [23, 677, 1022]}]","{""D1"": ""patch_upsampled_then_sliding_window_gaussian_fused_full_volume"", ""D2"": ""patch_upsampled_then_sliding_window_gaussian_fused_full_volume"", ""D3"": ""patch_upsampled_then_sliding_window_gaussian_fused_full_volume"", ""D4"": ""patch_upsampled_then_sliding_window_gaussian_fused_full_volume"", ""D5"": ""final_output_sliding_window_gaussian_fused_full_volume""}",10,"[0.7143054008483887, 0.7103845477104187, 0.7075269818305969, 0.718602180480957, 0.7178866863250732, 0.6994171738624573, 0.7196596264839172, 0.7168557047843933, 0.6989328265190125, 0.6991348266601562]","[4.0, 5.0, 6.0, 1.0, 2.0, 7.0, 0.0, 3.0, 9.0, 8.0]","[{""scale"": 1.0, ""offset"": 0.0}, {""scale"": 0.8576596975326538, ""offset"": 0.022799618542194366}, {""scale"": 0.9928988218307495, ""offset"": 0.0472419299185276}, {""scale"": 1.0979764461517334, ""offset"": -0.12551169097423553}, {""scale"": 1.1008217334747314, ""offset"": -0.07787436246871948}, {""scale"": 0.8651278018951416, ""offset"": 0.08951590210199356}, {""scale"": 0.8584694862365723, ""offset"": -0.10946401208639145}, {""scale"": 1.0178632736206055, ""offset"": -0.037078000605106354}, {""scale"": 1.0705900192260742, ""offset"": 0.1143781915307045}, {""scale"": 0.950071394443512, ""offset"": 0.10077878832817078}]",240,70
HEM_PA101,liver,4,0.6928520798683167,0.5,"[23, 615, 1022]","[23, 615, 1022]","[23, 615, 1022]",predictor_crop_to_nonzero_bbox_padding_removed,none_same_size,nearest,valid,14456190,14456190,0.06838780641555786,0.2426391988992691,9.299909207234253e-35,1.6395700725308708e-19,5.492546765290088e-17,2.2608130645362934e-11,7.0040700848039705e-06,0.9716266393661499,0.9999977350234985,14456190,0.0006466670311056077,0.0009570434922352433,3.5365927033126354e-05,0.00012617626634892076,0.00027951065567322075,0.0005094014341011643,0.0006541886832565069,0.0015804911963641644,0.056133437901735306,14456190,0.5,0.2886751592159271,0.0,0.05000000074505806,0.25,0.4999999701976776,0.75,0.9500000476837158,1.0,14456190,0.0,0.4994625151157379,-0.9983282089233398,-0.7841633558273315,-0.4865278899669647,0.08135382831096649,0.4429203271865845,0.6967105865478516,0.9878907799720764,D5,True,"[192, 192, 192]","[23, 615, 1022]","[12, 12, 12]",last_transformer_decoder_layer,mean_all_heads,current_organ_query,"patch-local softmax cross-attention, upsampled and Gaussian fused","[{""decoder_stage"": ""D1"", ""stage_number"": 1, ""model_output_list_index"": 4, ""internal_stage_index"": 0, ""encoder_skip_index"": 4, ""upsampling_order"": 1, ""is_final_output"": false, ""raw_shape"": [12, 12, 12], ""aligned_shape"": [23, 615, 1022]}, {""decoder_stage"": ""D2"", ""stage_number"": 2, ""model_output_list_index"": 3, ""internal_stage_index"": 1, ""encoder_skip_index"": 3, ""upsampling_order"": 2, ""is_final_output"": false, ""raw_shape"": [24, 24, 24], ""aligned_shape"": [23, 615, 1022]}, {""decoder_stage"": ""D3"", ""stage_number"": 3, ""model_output_list_index"": 2, ""internal_stage_index"": 2, ""encoder_skip_index"": 2, ""upsampling_order"": 3, ""is_final_output"": false, ""raw_shape"": [48, 48, 48], ""aligned_shape"": [23, 615, 1022]}, {""decoder_stage"": ""D4"", ""stage_number"": 4, ""model_output_list_index"": 1, ""internal_stage_index"": 3, ""encoder_skip_index"": 1, ""upsampling_order"": 4, ""is_final_output"": false, ""raw_shape"": [96, 96, 96], ""aligned_shape"": [23, 615, 1022]}, {""decoder_stage"": ""D5"", ""stage_number"": 5, ""model_output_list_index"": 0, ""internal_stage_index"": 4, ""encoder_skip_index"": 0, ""upsampling_order"": 5, ""is_final_output"": true, ""raw_shape"": [192, 192, 192], ""aligned_shape"": [23, 615, 1022]}]","{""D1"": ""patch_upsampled_then_sliding_window_gaussian_fused_full_volume"", ""D2"": ""patch_upsampled_then_sliding_window_gaussian_fused_full_volume"", ""D3"": ""patch_upsampled_then_sliding_window_gaussian_fused_full_volume"", ""D4"": ""patch_upsampled_then_sliding_window_gaussian_fused_full_volume"", ""D5"": ""final_output_sliding_window_gaussian_fused_full_volume""}",10,"[0.6705557703971863, 0.6518165469169617, 0.6495404839515686, 0.6476869583129883, 0.6928520798683167, 0.6614128947257996, 0.6516048908233643, 0.6626346111297607, 0.6490059494972229, 0.6650579571723938]","[1.0, 5.0, 7.0, 9.0, 0.0, 4.0, 6.0, 3.0, 8.0, 2.0]","[{""scale"": 1.0, ""offset"": 0.0}, {""scale"": 0.9338346123695374, ""offset"": 0.09164967387914658}, {""scale"": 0.9417187571525574, ""offset"": 0.1171029582619667}, {""scale"": 0.8616609573364258, ""offset"": 0.14617425203323364}, {""scale"": 0.9007253050804138, ""offset"": -0.14847135543823242}, {""scale"": 1.0089718103408813, ""offset"": 0.046673621982336044}, {""scale"": 0.9830643534660339, ""offset"": 0.10185311734676361}, {""scale"": 0.904039740562439, ""offset"": 0.03585668280720711}, {""scale"": 0.9465964436531067, ""offset"": 0.13073843717575073}, {""scale"": 0.9967047572135925, ""offset"": 0.03185001760721207}]",240,60
HEM_PA101,liver,4,0.6928520798683167,0.5,"[23, 615, 1022]","[23, 615, 1022]","[23, 615, 1022]",predictor_crop_to_nonzero_bbox_padding_removed,none_same_size,nearest,gt_foreground,14456190,1019798,0.8056672811508179,0.3493410050868988,4.755154871150405e-18,0.004709327127784491,0.8689389228820801,0.9920146465301514,0.9985582232475281,0.9997581839561462,0.9999964237213135,1019798,0.0004268352349754423,0.00034750322811305523,4.5830976887373254e-05,0.00011449715384515002,0.00018880717107094824,0.0003110452089458704,0.0005611911765299737,0.001128719188272953,0.013004564680159092,1019798,0.3718869984149933,0.2908628284931183,0.0007794585544615984,0.036290377378463745,0.13758262991905212,0.27791035175323486,0.6123088002204895,0.9106446504592896,0.9993788003921509,1019798,-0.5832942128181458,0.29123619198799133,-0.9983282089233398,-0.9175927042961121,-0.8101673126220703,-0.6805846095085144,-0.35117122530937195,-0.04893234372138977,0.7080556750297546,D5,True,"[192, 192, 192]","[23, 615, 1022]","[12, 12, 12]",last_transformer_decoder_layer,mean_all_heads,current_organ_query,"patch-local softmax cross-attention, upsampled and Gaussian fused","[{""decoder_stage"": ""D1"", ""stage_number"": 1, ""model_output_list_index"": 4, ""internal_stage_index"": 0, ""encoder_skip_index"": 4, ""upsampling_order"": 1, ""is_final_output"": false, ""raw_shape"": [12, 12, 12], ""aligned_shape"": [23, 615, 1022]}, {""decoder_stage"": ""D2"", ""stage_number"": 2, ""model_output_list_index"": 3, ""internal_stage_index"": 1, ""encoder_skip_index"": 3, ""upsampling_order"": 2, ""is_final_output"": false, ""raw_shape"": [24, 24, 24], ""aligned_shape"": [23, 615, 1022]}, {""decoder_stage"": ""D3"", ""stage_number"": 3, ""model_output_list_index"": 2, ""internal_stage_index"": 2, ""encoder_skip_index"": 2, ""upsampling_order"": 3, ""is_final_output"": false, ""raw_shape"": [48, 48, 48], ""aligned_shape"": [23, 615, 1022]}, {""decoder_stage"": ""D4"", ""stage_number"": 4, ""model_output_list_index"": 1, ""internal_stage_index"": 3, ""encoder_skip_index"": 1, ""upsampling_order"": 4, ""is_final_output"": false, ""raw_shape"": [96, 96, 96], ""aligned_shape"": [23, 615, 1022]}, {""decoder_stage"": ""D5"", ""stage_number"": 5, ""model_output_list_index"": 0, ""internal_stage_index"": 4, ""encoder_skip_index"": 0, ""upsampling_order"": 5, ""is_final_output"": true, ""raw_shape"": [192, 192, 192], ""aligned_shape"": [23, 615, 1022]}]","{""D1"": ""patch_upsampled_then_sliding_window_gaussian_fused_full_volume"", ""D2"": ""patch_upsampled_then_sliding_window_gaussian_fused_full_volume"", ""D3"": ""patch_upsampled_then_sliding_window_gaussian_fused_full_volume"", ""D4"": ""patch_upsampled_then_sliding_window_gaussian_fused_full_volume"", ""D5"": ""final_output_sliding_window_gaussian_fused_full_volume""}",10,"[0.6705557703971863, 0.6518165469169617, 0.6495404839515686, 0.6476869583129883, 0.6928520798683167, 0.6614128947257996, 0.6516048908233643, 0.6626346111297607, 0.6490059494972229, 0.6650579571723938]","[1.0, 5.0, 7.0, 9.0, 0.0, 4.0, 6.0, 3.0, 8.0, 2.0]","[{""scale"": 1.0, ""offset"": 0.0}, {""scale"": 0.9338346123695374, ""offset"": 0.09164967387914658}, {""scale"": 0.9417187571525574, ""offset"": 0.1171029582619667}, {""scale"": 0.8616609573364258, ""offset"": 0.14617425203323364}, {""scale"": 0.9007253050804138, ""offset"": -0.14847135543823242}, {""scale"": 1.0089718103408813, ""offset"": 0.046673621982336044}, {""scale"": 0.9830643534660339, ""offset"": 0.10185311734676361}, {""scale"": 0.904039740562439, ""offset"": 0.03585668280720711}, {""scale"": 0.9465964436531067, ""offset"": 0.13073843717575073}, {""scale"": 0.9967047572135925, ""offset"": 0.03185001760721207}]",240,60
HEM_PA101,liver,4,0.6928520798683167,0.5,"[23, 615, 1022]","[23, 615, 1022]","[23, 615, 1022]",predictor_crop_to_nonzero_bbox_padding_removed,none_same_size,nearest,gt_background_valid,14456190,13436392,0.01242961548268795,0.09844543784856796,9.299909207234253e-35,1.3212519735157712e-19,3.7334194760094966e-17,7.601993307852078e-14,1.4306083357951138e-06,0.0020154330413788557,0.9999977350234985,13436392,0.0006633518496528268,0.0009860722348093987,3.5365927033126354e-05,0.00012766916188411415,0.0002972251968458295,0.0005170349031686783,0.0006584825459867716,0.0016348578501492739,0.056133437901735306,13436392,0.5097235441207886,0.28617626428604126,0.0,0.051909152418375015,0.26620548963546753,0.5153489708900452,0.754272997379303,0.9528475999832153,1.0,13436392,0.04427098482847214,0.4839174747467041,-0.9957308769226074,-0.7394073009490967,-0.4294987618923187,0.14407292008399963,0.46123021841049194,0.7044808268547058,0.9878907799720764,D5,True,"[192, 192, 192]","[23, 615, 1022]","[12, 12, 12]",last_transformer_decoder_layer,mean_all_heads,current_organ_query,"patch-local softmax cross-attention, upsampled and Gaussian fused","[{""decoder_stage"": ""D1"", ""stage_number"": 1, ""model_output_list_index"": 4, ""internal_stage_index"": 0, ""encoder_skip_index"": 4, ""upsampling_order"": 1, ""is_final_output"": false, ""raw_shape"": [12, 12, 12], ""aligned_shape"": [23, 615, 1022]}, {""decoder_stage"": ""D2"", ""stage_number"": 2, ""model_output_list_index"": 3, ""internal_stage_index"": 1, ""encoder_skip_index"": 3, ""upsampling_order"": 2, ""is_final_output"": false, ""raw_shape"": [24, 24, 24], ""aligned_shape"": [23, 615, 1022]}, {""decoder_stage"": ""D3"", ""stage_number"": 3, ""model_output_list_index"": 2, ""internal_stage_index"": 2, ""encoder_skip_index"": 2, ""upsampling_order"": 3, ""is_final_output"": false, ""raw_shape"": [48, 48, 48], ""aligned_shape"": [23, 615, 1022]}, {""decoder_stage"": ""D4"", ""stage_number"": 4, ""model_output_list_index"": 1, ""internal_stage_index"": 3, ""encoder_skip_index"": 1, ""upsampling_order"": 4, ""is_final_output"": false, ""raw_shape"": [96, 96, 96], ""aligned_shape"": [23, 615, 1022]}, {""decoder_stage"": ""D5"", ""stage_number"": 5, ""model_output_list_index"": 0, ""internal_stage_index"": 4, ""encoder_skip_index"": 0, ""upsampling_order"": 5, ""is_final_output"": true, ""raw_shape"": [192, 192, 192], ""aligned_shape"": [23, 615, 1022]}]","{""D1"": ""patch_upsampled_then_sliding_window_gaussian_fused_full_volume"", ""D2"": ""patch_upsampled_then_sliding_window_gaussian_fused_full_volume"", ""D3"": ""patch_upsampled_then_sliding_window_gaussian_fused_full_volume"", ""D4"": ""patch_upsampled_then_sliding_window_gaussian_fused_full_volume"", ""D5"": ""final_output_sliding_window_gaussian_fused_full_volume""}",10,"[0.6705557703971863, 0.6518165469169617, 0.6495404839515686, 0.6476869583129883, 0.6928520798683167, 0.6614128947257996, 0.6516048908233643, 0.6626346111297607, 0.6490059494972229, 0.6650579571723938]","[1.0, 5.0, 7.0, 9.0, 0.0, 4.0, 6.0, 3.0, 8.0, 2.0]","[{""scale"": 1.0, ""offset"": 0.0}, {""scale"": 0.9338346123695374, ""offset"": 0.09164967387914658}, {""scale"": 0.9417187571525574, ""offset"": 0.1171029582619667}, {""scale"": 0.8616609573364258, ""offset"": 0.14617425203323364}, {""scale"": 0.9007253050804138, ""offset"": -0.14847135543823242}, {""scale"": 1.0089718103408813, ""offset"": 0.046673621982336044}, {""scale"": 0.9830643534660339, ""offset"": 0.10185311734676361}, {""scale"": 0.904039740562439, ""offset"": 0.03585668280720711}, {""scale"": 0.9465964436531067, ""offset"": 0.13073843717575073}, {""scale"": 0.9967047572135925, ""offset"": 0.03185001760721207}]",240,60
HEM_PA101,liver,4,0.6928520798683167,0.5,"[23, 615, 1022]","[23, 615, 1022]","[23, 615, 1022]",predictor_crop_to_nonzero_bbox_padding_removed,none_same_size,nearest,TP,14456190,832782,0.9652761816978455,0.08113394677639008,0.5000116229057312,0.7821643352508545,0.979105532169342,0.9958837628364563,0.9989607334136963,0.9997914433479309,0.9999964237213135,832782,0.0004375468415673822,0.00032691468368284404,4.5830976887373254e-05,0.00011920374527107924,0.00020217883866280317,0.0003336174413561821,0.00058054766850546,0.0011119861155748367,0.002555773127824068,832782,0.3881353735923767,0.28860145807266235,0.0007794585544615984,0.041480887681245804,0.15697671473026276,0.2954171299934387,0.6509076356887817,0.9083543419837952,0.9759500026702881,832782,-0.5799042582511902,0.286521315574646,-0.9983282089233398,-0.9259148240089417,-0.8057650923728943,-0.6721597909927368,-0.32215070724487305,-0.06148311123251915,0.042832016944885254,D5,True,"[192, 192, 192]","[23, 615, 1022]","[12, 12, 12]",last_transformer_decoder_layer,mean_all_heads,current_organ_query,"patch-local softmax cross-attention, upsampled and Gaussian fused","[{""decoder_stage"": ""D1"", ""stage_number"": 1, ""model_output_list_index"": 4, ""internal_stage_index"": 0, ""encoder_skip_index"": 4, ""upsampling_order"": 1, ""is_final_output"": false, ""raw_shape"": [12, 12, 12], ""aligned_shape"": [23, 615, 1022]}, {""decoder_stage"": ""D2"", ""stage_number"": 2, ""model_output_list_index"": 3, ""internal_stage_index"": 1, ""encoder_skip_index"": 3, ""upsampling_order"": 2, ""is_final_output"": false, ""raw_shape"": [24, 24, 24], ""aligned_shape"": [23, 615, 1022]}, {""decoder_stage"": ""D3"", ""stage_number"": 3, ""model_output_list_index"": 2, ""internal_stage_index"": 2, ""encoder_skip_index"": 2, ""upsampling_order"": 3, ""is_final_output"": false, ""raw_shape"": [48, 48, 48], ""aligned_shape"": [23, 615, 1022]}, {""decoder_stage"": ""D4"", ""stage_number"": 4, ""model_output_list_index"": 1, ""internal_stage_index"": 3, ""encoder_skip_index"": 1, ""upsampling_order"": 4, ""is_final_output"": false, ""raw_shape"": [96, 96, 96], ""aligned_shape"": [23, 615, 1022]}, {""decoder_stage"": ""D5"", ""stage_number"": 5, ""model_output_list_index"": 0, ""internal_stage_index"": 4, ""encoder_skip_index"": 0, ""upsampling_order"": 5, ""is_final_output"": true, ""raw_shape"": [192, 192, 192], ""aligned_shape"": [23, 615, 1022]}]","{""D1"": ""patch_upsampled_then_sliding_window_gaussian_fused_full_volume"", ""D2"": ""patch_upsampled_then_sliding_window_gaussian_fused_full_volume"", ""D3"": ""patch_upsampled_then_sliding_window_gaussian_fused_full_volume"", ""D4"": ""patch_upsampled_then_sliding_window_gaussian_fused_full_volume"", ""D5"": ""final_output_sliding_window_gaussian_fused_full_volume""}",10,"[0.6705557703971863, 0.6518165469169617, 0.6495404839515686, 0.6476869583129883, 0.6928520798683167, 0.6614128947257996, 0.6516048908233643, 0.6626346111297607, 0.6490059494972229, 0.6650579571723938]","[1.0, 5.0, 7.0, 9.0, 0.0, 4.0, 6.0, 3.0, 8.0, 2.0]","[{""scale"": 1.0, ""offset"": 0.0}, {""scale"": 0.9338346123695374, ""offset"": 0.09164967387914658}, {""scale"": 0.9417187571525574, ""offset"": 0.1171029582619667}, {""scale"": 0.8616609573364258, ""offset"": 0.14617425203323364}, {""scale"": 0.9007253050804138, ""offset"": -0.14847135543823242}, {""scale"": 1.0089718103408813, ""offset"": 0.046673621982336044}, {""scale"": 0.9830643534660339, ""offset"": 0.10185311734676361}, {""scale"": 0.904039740562439, ""offset"": 0.03585668280720711}, {""scale"": 0.9465964436531067, ""offset"": 0.13073843717575073}, {""scale"": 0.9967047572135925, ""offset"": 0.03185001760721207}]",240,60
HEM_PA101,liver,4,0.6928520798683167,0.5,"[23, 615, 1022]","[23, 615, 1022]","[23, 615, 1022]",predictor_crop_to_nonzero_bbox_padding_removed,none_same_size,nearest,FN,14456190,187016,0.09492915123701096,0.13258056342601776,4.755154871150405e-18,0.00014037863002158701,0.0038389298133552074,0.02667439728975296,0.13648460805416107,0.4124840199947357,0.4999935030937195,187016,0.0003791363851632923,0.0004240324778947979,5.3635358199244365e-05,0.00010447537351865321,0.0001496853947173804,0.00022084673400968313,0.00044296414125710726,0.001238770317286253,0.013004564680159092,187016,0.29953286051750183,0.2898716628551483,0.0023694350384175777,0.02678067423403263,0.08280372619628906,0.18309980630874634,0.3830241560935974,0.9238073229789734,0.9993788003921509,187016,-0.5983899831771851,0.31091755628585815,-0.9281222820281982,-0.8830713033676147,-0.8222166299819946,-0.7234897613525391,-0.5080971717834473,0.02893887460231781,0.7080556750297546,D5,True,"[192, 192, 192]","[23, 615, 1022]","[12, 12, 12]",last_transformer_decoder_layer,mean_all_heads,current_organ_query,"patch-local softmax cross-attention, upsampled and Gaussian fused","[{""decoder_stage"": ""D1"", ""stage_number"": 1, ""model_output_list_index"": 4, ""internal_stage_index"": 0, ""encoder_skip_index"": 4, ""upsampling_order"": 1, ""is_final_output"": false, ""raw_shape"": [12, 12, 12], ""aligned_shape"": [23, 615, 1022]}, {""decoder_stage"": ""D2"", ""stage_number"": 2, ""model_output_list_index"": 3, ""internal_stage_index"": 1, ""encoder_skip_index"": 3, ""upsampling_order"": 2, ""is_final_output"": false, ""raw_shape"": [24, 24, 24], ""aligned_shape"": [23, 615, 1022]}, {""decoder_stage"": ""D3"", ""stage_number"": 3, ""model_output_list_index"": 2, ""internal_stage_index"": 2, ""encoder_skip_index"": 2, ""upsampling_order"": 3, ""is_final_output"": false, ""raw_shape"": [48, 48, 48], ""aligned_shape"": [23, 615, 1022]}, {""decoder_stage"": ""D4"", ""stage_number"": 4, ""model_output_list_index"": 1, ""internal_stage_index"": 3, ""encoder_skip_index"": 1, ""upsampling_order"": 4, ""is_final_output"": false, ""raw_shape"": [96, 96, 96], ""aligned_shape"": [23, 615, 1022]}, {""decoder_stage"": ""D5"", ""stage_number"": 5, ""model_output_list_index"": 0, ""internal_stage_index"": 4, ""encoder_skip_index"": 0, ""upsampling_order"": 5, ""is_final_output"": true, ""raw_shape"": [192, 192, 192], ""aligned_shape"": [23, 615, 1022]}]","{""D1"": ""patch_upsampled_then_sliding_window_gaussian_fused_full_volume"", ""D2"": ""patch_upsampled_then_sliding_window_gaussian_fused_full_volume"", ""D3"": ""patch_upsampled_then_sliding_window_gaussian_fused_full_volume"", ""D4"": ""patch_upsampled_then_sliding_window_gaussian_fused_full_volume"", ""D5"": ""final_output_sliding_window_gaussian_fused_full_volume""}",10,"[0.6705557703971863, 0.6518165469169617, 0.6495404839515686, 0.6476869583129883, 0.6928520798683167, 0.6614128947257996, 0.6516048908233643, 0.6626346111297607, 0.6490059494972229, 0.6650579571723938]","[1.0, 5.0, 7.0, 9.0, 0.0, 4.0, 6.0, 3.0, 8.0, 2.0]","[{""scale"": 1.0, ""offset"": 0.0}, {""scale"": 0.9338346123695374, ""offset"": 0.09164967387914658}, {""scale"": 0.9417187571525574, ""offset"": 0.1171029582619667}, {""scale"": 0.8616609573364258, ""offset"": 0.14617425203323364}, {""scale"": 0.9007253050804138, ""offset"": -0.14847135543823242}, {""scale"": 1.0089718103408813, ""offset"": 0.046673621982336044}, {""scale"": 0.9830643534660339, ""offset"": 0.10185311734676361}, {""scale"": 0.904039740562439, ""offset"": 0.03585668280720711}, {""scale"": 0.9465964436531067, ""offset"": 0.13073843717575073}, {""scale"": 0.9967047572135925, ""offset"": 0.03185001760721207}]",240,60
HEM_PA101,liver,4,0.6928520798683167,0.5,"[23, 615, 1022]","[23, 615, 1022]","[23, 615, 1022]",predictor_crop_to_nonzero_bbox_padding_removed,none_same_size,nearest,FP,14456190,158196,0.8806657195091248,0.14328670501708984,0.5000032782554626,0.5672838687896729,0.7991464138031006,0.9507321715354919,0.994128942489624,0.9998754262924194,0.9999977350234985,158196,0.0006093716365285218,0.0005511355120688677,4.002846253570169e-05,0.00011510319745866582,0.00021732502500526607,0.0003750475007109344,0.0008510805200785398,0.0018051431979984045,0.0032031266018748283,158196,0.4612850844860077,0.33649712800979614,7.560775702586398e-05,0.036921434104442596,0.17832788825035095,0.32351648807525635,0.8556520938873291,0.9600564241409302,0.982465386390686,158196,-0.4922540783882141,0.32849180698394775,-0.9957308769226074,-0.9096617698669434,-0.7725313305854797,-0.6232680082321167,-0.10943968594074249,-0.0056696683168411255,0.05033290386199951,D5,True,"[192, 192, 192]","[23, 615, 1022]","[12, 12, 12]",last_transformer_decoder_layer,mean_all_heads,current_organ_query,"patch-local softmax cross-attention, upsampled and Gaussian fused","[{""decoder_stage"": ""D1"", ""stage_number"": 1, ""model_output_list_index"": 4, ""internal_stage_index"": 0, ""encoder_skip_index"": 4, ""upsampling_order"": 1, ""is_final_output"": false, ""raw_shape"": [12, 12, 12], ""aligned_shape"": [23, 615, 1022]}, {""decoder_stage"": ""D2"", ""stage_number"": 2, ""model_output_list_index"": 3, ""internal_stage_index"": 1, ""encoder_skip_index"": 3, ""upsampling_order"": 2, ""is_final_output"": false, ""raw_shape"": [24, 24, 24], ""aligned_shape"": [23, 615, 1022]}, {""decoder_stage"": ""D3"", ""stage_number"": 3, ""model_output_list_index"": 2, ""internal_stage_index"": 2, ""encoder_skip_index"": 2, ""upsampling_order"": 3, ""is_final_output"": false, ""raw_shape"": [48, 48, 48], ""aligned_shape"": [23, 615, 1022]}, {""decoder_stage"": ""D4"", ""stage_number"": 4, ""model_output_list_index"": 1, ""internal_stage_index"": 3, ""encoder_skip_index"": 1, ""upsampling_order"": 4, ""is_final_output"": false, ""raw_shape"": [96, 96, 96], ""aligned_shape"": [23, 615, 1022]}, {""decoder_stage"": ""D5"", ""stage_number"": 5, ""model_output_list_index"": 0, ""internal_stage_index"": 4, ""encoder_skip_index"": 0, ""upsampling_order"": 5, ""is_final_output"": true, ""raw_shape"": [192, 192, 192], ""aligned_shape"": [23, 615, 1022]}]","{""D1"": ""patch_upsampled_then_sliding_window_gaussian_fused_full_volume"", ""D2"": ""patch_upsampled_then_sliding_window_gaussian_fused_full_volume"", ""D3"": ""patch_upsampled_then_sliding_window_gaussian_fused_full_volume"", ""D4"": ""patch_upsampled_then_sliding_window_gaussian_fused_full_volume"", ""D5"": ""final_output_sliding_window_gaussian_fused_full_volume""}",10,"[0.6705557703971863, 0.6518165469169617, 0.6495404839515686, 0.6476869583129883, 0.6928520798683167, 0.6614128947257996, 0.6516048908233643, 0.6626346111297607, 0.6490059494972229, 0.6650579571723938]","[1.0, 5.0, 7.0, 9.0, 0.0, 4.0, 6.0, 3.0, 8.0, 2.0]","[{""scale"": 1.0, ""offset"": 0.0}, {""scale"": 0.9338346123695374, ""offset"": 0.09164967387914658}, {""scale"": 0.9417187571525574, ""offset"": 0.1171029582619667}, {""scale"": 0.8616609573364258, ""offset"": 0.14617425203323364}, {""scale"": 0.9007253050804138, ""offset"": -0.14847135543823242}, {""scale"": 1.0089718103408813, ""offset"": 0.046673621982336044}, {""scale"": 0.9830643534660339, ""offset"": 0.10185311734676361}, {""scale"": 0.904039740562439, ""offset"": 0.03585668280720711}, {""scale"": 0.9465964436531067, ""offset"": 0.13073843717575073}, {""scale"": 0.9967047572135925, ""offset"": 0.03185001760721207}]",240,60
HEM_PA101,liver,4,0.6928520798683167,0.5,"[23, 615, 1022]","[23, 615, 1022]","[23, 615, 1022]",predictor_crop_to_nonzero_bbox_padding_removed,none_same_size,nearest,TN,14456190,13278196,0.0020854794420301914,0.021776311099529266,9.299909207234253e-35,1.274999135589103e-19,3.5164367664470365e-17,3.8856928335747123e-14,1.1082829587394372e-06,0.0009883656166493893,0.4999873638153076,13278196,0.0006639950443059206,0.000990085187368095,3.5365927033126354e-05,0.00012786244042217731,0.0002996131661348045,0.0005176231497898698,0.0006577314925380051,0.0016290006460621953,0.056133437901735306,13278196,0.5103006362915039,0.2854737639427185,0.0,0.05215739086270332,0.2683020830154419,0.5165812373161316,0.7535476684570312,0.9525569677352905,1.0,13278196,0.05066312849521637,0.4818817675113678,-0.931294322013855,-0.7325504422187805,-0.4213511645793915,0.15379811823368073,0.46409186720848083,0.7057246565818787,0.9878907799720764,D5,True,"[192, 192, 192]","[23, 615, 1022]","[12, 12, 12]",last_transformer_decoder_layer,mean_all_heads,current_organ_query,"patch-local softmax cross-attention, upsampled and Gaussian fused","[{""decoder_stage"": ""D1"", ""stage_number"": 1, ""model_output_list_index"": 4, ""internal_stage_index"": 0, ""encoder_skip_index"": 4, ""upsampling_order"": 1, ""is_final_output"": false, ""raw_shape"": [12, 12, 12], ""aligned_shape"": [23, 615, 1022]}, {""decoder_stage"": ""D2"", ""stage_number"": 2, ""model_output_list_index"": 3, ""internal_stage_index"": 1, ""encoder_skip_index"": 3, ""upsampling_order"": 2, ""is_final_output"": false, ""raw_shape"": [24, 24, 24], ""aligned_shape"": [23, 615, 1022]}, {""decoder_stage"": ""D3"", ""stage_number"": 3, ""model_output_list_index"": 2, ""internal_stage_index"": 2, ""encoder_skip_index"": 2, ""upsampling_order"": 3, ""is_final_output"": false, ""raw_shape"": [48, 48, 48], ""aligned_shape"": [23, 615, 1022]}, {""decoder_stage"": ""D4"", ""stage_number"": 4, ""model_output_list_index"": 1, ""internal_stage_index"": 3, ""encoder_skip_index"": 1, ""upsampling_order"": 4, ""is_final_output"": false, ""raw_shape"": [96, 96, 96], ""aligned_shape"": [23, 615, 1022]}, {""decoder_stage"": ""D5"", ""stage_number"": 5, ""model_output_list_index"": 0, ""internal_stage_index"": 4, ""encoder_skip_index"": 0, ""upsampling_order"": 5, ""is_final_output"": true, ""raw_shape"": [192, 192, 192], ""aligned_shape"": [23, 615, 1022]}]","{""D1"": ""patch_upsampled_then_sliding_window_gaussian_fused_full_volume"", ""D2"": ""patch_upsampled_then_sliding_window_gaussian_fused_full_volume"", ""D3"": ""patch_upsampled_then_sliding_window_gaussian_fused_full_volume"", ""D4"": ""patch_upsampled_then_sliding_window_gaussian_fused_full_volume"", ""D5"": ""final_output_sliding_window_gaussian_fused_full_volume""}",10,"[0.6705557703971863, 0.6518165469169617, 0.6495404839515686, 0.6476869583129883, 0.6928520798683167, 0.6614128947257996, 0.6516048908233643, 0.6626346111297607, 0.6490059494972229, 0.6650579571723938]","[1.0, 5.0, 7.0, 9.0, 0.0, 4.0, 6.0, 3.0, 8.0, 2.0]","[{""scale"": 1.0, ""offset"": 0.0}, {""scale"": 0.9338346123695374, ""offset"": 0.09164967387914658}, {""scale"": 0.9417187571525574, ""offset"": 0.1171029582619667}, {""scale"": 0.8616609573364258, ""offset"": 0.14617425203323364}, {""scale"": 0.9007253050804138, ""offset"": -0.14847135543823242}, {""scale"": 1.0089718103408813, ""offset"": 0.046673621982336044}, {""scale"": 0.9830643534660339, ""offset"": 0.10185311734676361}, {""scale"": 0.904039740562439, ""offset"": 0.03585668280720711}, {""scale"": 0.9465964436531067, ""offset"": 0.13073843717575073}, {""scale"": 0.9967047572135925, ""offset"": 0.03185001760721207}]",240,60
CYST_PA69,liver,2,0.7402352690696716,0.5,"[23, 641, 1022]","[23, 641, 1022]","[23, 641, 1022]",predictor_crop_to_nonzero_bbox_padding_removed,none_same_size,nearest,valid,15067346,15067346,0.08690692484378815,0.27080610394477844,5.182970298571715e-37,1.0034179044059858e-19,1.3597917534129795e-16,1.2961548279122326e-08,2.98011364066042e-05,0.9927652478218079,0.999998927116394,15067346,0.0005674776039086282,0.0006579543696716428,3.5634195228340104e-05,0.00010496304457774386,0.00022882629127707332,0.0004678599943872541,0.0006336945807561278,0.0014654137194156647,0.025365322828292847,15067346,0.5,0.2886751592159271,0.0,0.04999999701976776,0.2500000298023224,0.5,0.75,0.949999988079071,1.0,15067346,0.0,0.49607616662979126,-0.9959971308708191,-0.7548796534538269,-0.46373361349105835,0.029330819845199585,0.46548378467559814,0.6715850234031677,0.9891771078109741,D5,True,"[192, 192, 192]","[23, 641, 1022]","[12, 12, 12]",last_transformer_decoder_layer,mean_all_heads,current_organ_query,"patch-local softmax cross-attention, upsampled and Gaussian fused","[{""decoder_stage"": ""D1"", ""stage_number"": 1, ""model_output_list_index"": 4, ""internal_stage_index"": 0, ""encoder_skip_index"": 4, ""upsampling_order"": 1, ""is_final_output"": false, ""raw_shape"": [12, 12, 12], ""aligned_shape"": [23, 641, 1022]}, {""decoder_stage"": ""D2"", ""stage_number"": 2, ""model_output_list_index"": 3, ""internal_stage_index"": 1, ""encoder_skip_index"": 3, ""upsampling_order"": 2, ""is_final_output"": false, ""raw_shape"": [24, 24, 24], ""aligned_shape"": [23, 641, 1022]}, {""decoder_stage"": ""D3"", ""stage_number"": 3, ""model_output_list_index"": 2, ""internal_stage_index"": 2, ""encoder_skip_index"": 2, ""upsampling_order"": 3, ""is_final_output"": false, ""raw_shape"": [48, 48, 48], ""aligned_shape"": [23, 641, 1022]}, {""decoder_stage"": ""D4"", ""stage_number"": 4, ""model_output_list_index"": 1, ""internal_stage_index"": 3, ""encoder_skip_index"": 1, ""upsampling_order"": 4, ""is_final_output"": false, ""raw_shape"": [96, 96, 96], ""aligned_shape"": [23, 641, 1022]}, {""decoder_stage"": ""D5"", ""stage_number"": 5, ""model_output_list_index"": 0, ""internal_stage_index"": 4, ""encoder_skip_index"": 0, ""upsampling_order"": 5, ""is_final_output"": true, ""raw_shape"": [192, 192, 192], ""aligned_shape"": [23, 641, 1022]}]","{""D1"": ""patch_upsampled_then_sliding_window_gaussian_fused_full_volume"", ""D2"": ""patch_upsampled_then_sliding_window_gaussian_fused_full_volume"", ""D3"": ""patch_upsampled_then_sliding_window_gaussian_fused_full_volume"", ""D4"": ""patch_upsampled_then_sliding_window_gaussian_fused_full_volume"", ""D5"": ""final_output_sliding_window_gaussian_fused_full_volume""}",10,"[0.7280469536781311, 0.7302095890045166, 0.7402352690696716, 0.7247724533081055, 0.7234227061271667, 0.7399832606315613, 0.7157031893730164, 0.7151031494140625, 0.729520857334137, 0.7286220192909241]","[5.0, 2.0, 0.0, 6.0, 7.0, 1.0, 8.0, 9.0, 3.0, 4.0]","[{""scale"": 1.0, ""offset"": 0.0}, {""scale"": 0.8588010668754578, ""offset"": -0.02219867706298828}, {""scale"": 0.9549269080162048, ""offset"": -0.13609084486961365}, {""scale"": 1.074684500694275, ""offset"": 0.03700048476457596}, {""scale"": 0.863198459148407, ""offset"": 0.04106952250003815}, {""scale"": 0.9489100575447083, ""offset"": -0.12977652251720428}, {""scale"": 0.9689686894416809, ""offset"": 0.09927365928888321}, {""scale"": 1.104757308959961, ""offset"": 0.11777766048908234}, {""scale"": 0.967517077922821, ""offset"": -0.017080916091799736}, {""scale"": 1.1161811351776123, ""offset"": -0.00866287387907505}]",240,60
CYST_PA69,liver,2,0.7402352690696716,0.5,"[23, 641, 1022]","[23, 641, 1022]","[23, 641, 1022]",predictor_crop_to_nonzero_bbox_padding_removed,none_same_size,nearest,gt_foreground,15067346,1127491,0.8965185880661011,0.253899484872818,1.6921815850141388e-14,0.10380774736404419,0.9772582650184631,0.9961750507354736,0.9991247057914734,0.9998863935470581,0.999998927116394,1127491,0.00038102021790109575,0.00031234987545758486,4.8225851060124114e-05,9.50164976529777e-05,0.00017959260731004179,0.00028820367879234254,0.00048649392556399107,0.0009343808051198721,0.005331932567059994,1127491,0.3779695928096771,0.2647041976451874,0.0007760491571389139,0.0369766503572464,0.1761692464351654,0.3150615990161896,0.5325400829315186,0.8914757370948792,0.9972394108772278,1127491,-0.5772892236709595,0.2633548378944397,-0.9959971308708191,-0.9078421592712402,-0.7773982882499695,-0.6424745321273804,-0.4269804358482361,-0.06922560930252075,0.5733065605163574,D5,True,"[192, 192, 192]","[23, 641, 1022]","[12, 12, 12]",last_transformer_decoder_layer,mean_all_heads,current_organ_query,"patch-local softmax cross-attention, upsampled and Gaussian fused","[{""decoder_stage"": ""D1"", ""stage_number"": 1, ""model_output_list_index"": 4, ""internal_stage_index"": 0, ""encoder_skip_index"": 4, ""upsampling_order"": 1, ""is_final_output"": false, ""raw_shape"": [12, 12, 12], ""aligned_shape"": [23, 641, 1022]}, {""decoder_stage"": ""D2"", ""stage_number"": 2, ""model_output_list_index"": 3, ""internal_stage_index"": 1, ""encoder_skip_index"": 3, ""upsampling_order"": 2, ""is_final_output"": false, ""raw_shape"": [24, 24, 24], ""aligned_shape"": [23, 641, 1022]}, {""decoder_stage"": ""D3"", ""stage_number"": 3, ""model_output_list_index"": 2, ""internal_stage_index"": 2, ""encoder_skip_index"": 2, ""upsampling_order"": 3, ""is_final_output"": false, ""raw_shape"": [48, 48, 48], ""aligned_shape"": [23, 641, 1022]}, {""decoder_stage"": ""D4"", ""stage_number"": 4, ""model_output_list_index"": 1, ""internal_stage_index"": 3, ""encoder_skip_index"": 1, ""upsampling_order"": 4, ""is_final_output"": false, ""raw_shape"": [96, 96, 96], ""aligned_shape"": [23, 641, 1022]}, {""decoder_stage"": ""D5"", ""stage_number"": 5, ""model_output_list_index"": 0, ""internal_stage_index"": 4, ""encoder_skip_index"": 0, ""upsampling_order"": 5, ""is_final_output"": true, ""raw_shape"": [192, 192, 192], ""aligned_shape"": [23, 641, 1022]}]","{""D1"": ""patch_upsampled_then_sliding_window_gaussian_fused_full_volume"", ""D2"": ""patch_upsampled_then_sliding_window_gaussian_fused_full_volume"", ""D3"": ""patch_upsampled_then_sliding_window_gaussian_fused_full_volume"", ""D4"": ""patch_upsampled_then_sliding_window_gaussian_fused_full_volume"", ""D5"": ""final_output_sliding_window_gaussian_fused_full_volume""}",10,"[0.7280469536781311, 0.7302095890045166, 0.7402352690696716, 0.7247724533081055, 0.7234227061271667, 0.7399832606315613, 0.7157031893730164, 0.7151031494140625, 0.729520857334137, 0.7286220192909241]","[5.0, 2.0, 0.0, 6.0, 7.0, 1.0, 8.0, 9.0, 3.0, 4.0]","[{""scale"": 1.0, ""offset"": 0.0}, {""scale"": 0.8588010668754578, ""offset"": -0.02219867706298828}, {""scale"": 0.9549269080162048, ""offset"": -0.13609084486961365}, {""scale"": 1.074684500694275, ""offset"": 0.03700048476457596}, {""scale"": 0.863198459148407, ""offset"": 0.04106952250003815}, {""scale"": 0.9489100575447083, ""offset"": -0.12977652251720428}, {""scale"": 0.9689686894416809, ""offset"": 0.09927365928888321}, {""scale"": 1.104757308959961, ""offset"": 0.11777766048908234}, {""scale"": 0.967517077922821, ""offset"": -0.017080916091799736}, {""scale"": 1.1161811351776123, ""offset"": -0.00866287387907505}]",240,60
CYST_PA69,liver,2,0.7402352690696716,0.5,"[23, 641, 1022]","[23, 641, 1022]","[23, 641, 1022]",predictor_crop_to_nonzero_bbox_padding_removed,none_same_size,nearest,gt_background_valid,15067346,13939855,0.021423473954200745,0.12941871583461761,5.182970298571715e-37,7.557833580858227e-20,8.25125895911446e-17,9.797807010158976e-10,6.749885869794525e-06,0.008658284321427345,0.9999769926071167,13939855,0.0005825588013976812,0.0006760087562724948,3.5634195228340104e-05,0.00010592897888273001,0.00023769368999637663,0.0004782061150763184,0.0006430743378587067,0.0015245105605572462,0.025365322828292847,13939855,0.509870171546936,0.2882783114910126,0.0,0.05136118829250336,0.26112478971481323,0.5182033181190491,0.7577029466629028,0.9530971646308899,1.0,13939855,0.0466926246881485,0.48088571429252625,-0.9907044172286987,-0.7084041237831116,-0.4113885760307312,0.14367371797561646,0.48360681533813477,0.6792129874229431,0.9891771078109741,D5,True,"[192, 192, 192]","[23, 641, 1022]","[12, 12, 12]",last_transformer_decoder_layer,mean_all_heads,current_organ_query,"patch-local softmax cross-attention, upsampled and Gaussian fused","[{""decoder_stage"": ""D1"", ""stage_number"": 1, ""model_output_list_index"": 4, ""internal_stage_index"": 0, ""encoder_skip_index"": 4, ""upsampling_order"": 1, ""is_final_output"": false, ""raw_shape"": [12, 12, 12], ""aligned_shape"": [23, 641, 1022]}, {""decoder_stage"": ""D2"", ""stage_number"": 2, ""model_output_list_index"": 3, ""internal_stage_index"": 1, ""encoder_skip_index"": 3, ""upsampling_order"": 2, ""is_final_output"": false, ""raw_shape"": [24, 24, 24], ""aligned_shape"": [23, 641, 1022]}, {""decoder_stage"": ""D3"", ""stage_number"": 3, ""model_output_list_index"": 2, ""internal_stage_index"": 2, ""encoder_skip_index"": 2, ""upsampling_order"": 3, ""is_final_output"": false, ""raw_shape"": [48, 48, 48], ""aligned_shape"": [23, 641, 1022]}, {""decoder_stage"": ""D4"", ""stage_number"": 4, ""model_output_list_index"": 1, ""internal_stage_index"": 3, ""encoder_skip_index"": 1, ""upsampling_order"": 4, ""is_final_output"": false, ""raw_shape"": [96, 96, 96], ""aligned_shape"": [23, 641, 1022]}, {""decoder_stage"": ""D5"", ""stage_number"": 5, ""model_output_list_index"": 0, ""internal_stage_index"": 4, ""encoder_skip_index"": 0, ""upsampling_order"": 5, ""is_final_output"": true, ""raw_shape"": [192, 192, 192], ""aligned_shape"": [23, 641, 1022]}]","{""D1"": ""patch_upsampled_then_sliding_window_gaussian_fused_full_volume"", ""D2"": ""patch_upsampled_then_sliding_window_gaussian_fused_full_volume"", ""D3"": ""patch_upsampled_then_sliding_window_gaussian_fused_full_volume"", ""D4"": ""patch_upsampled_then_sliding_window_gaussian_fused_full_volume"", ""D5"": ""final_output_sliding_window_gaussian_fused_full_volume""}",10,"[0.7280469536781311, 0.7302095890045166, 0.7402352690696716, 0.7247724533081055, 0.7234227061271667, 0.7399832606315613, 0.7157031893730164, 0.7151031494140625, 0.729520857334137, 0.7286220192909241]","[5.0, 2.0, 0.0, 6.0, 7.0, 1.0, 8.0, 9.0, 3.0, 4.0]","[{""scale"": 1.0, ""offset"": 0.0}, {""scale"": 0.8588010668754578, ""offset"": -0.02219867706298828}, {""scale"": 0.9549269080162048, ""offset"": -0.13609084486961365}, {""scale"": 1.074684500694275, ""offset"": 0.03700048476457596}, {""scale"": 0.863198459148407, ""offset"": 0.04106952250003815}, {""scale"": 0.9489100575447083, ""offset"": -0.12977652251720428}, {""scale"": 0.9689686894416809, ""offset"": 0.09927365928888321}, {""scale"": 1.104757308959961, ""offset"": 0.11777766048908234}, {""scale"": 0.967517077922821, ""offset"": -0.017080916091799736}, {""scale"": 1.1161811351776123, ""offset"": -0.00866287387907505}]",240,60
CYST_PA69,liver,2,0.7402352690696716,0.5,"[23, 641, 1022]","[23, 641, 1022]","[23, 641, 1022]",predictor_crop_to_nonzero_bbox_padding_removed,none_same_size,nearest,TP,15067346,1022533,0.9734768867492676,0.07193601131439209,0.5000007152557373,0.8338572382926941,0.988401472568512,0.9970489144325256,0.9992572665214539,0.9998955726623535,0.999998927116394,1022533,0.00038261510781012475,0.00029036516207270324,5.06208925799001e-05,9.82729543466121e-05,0.00018527230713516474,0.00029483024263754487,0.0004932698211632669,0.0009317842777818441,0.003511892631649971,1022533,0.38416680693626404,0.2627393305301666,0.0012535718269646168,0.04104774817824364,0.1859346479177475,0.32111695408821106,0.5444884896278381,0.8908659219741821,0.9917194247245789,1022533,-0.5779014229774475,0.2600482702255249,-0.9959971308708191,-0.9125342965126038,-0.7746703624725342,-0.6412075757980347,-0.42055052518844604,-0.07486715167760849,0.07586449384689331,D5,True,"[192, 192, 192]","[23, 641, 1022]","[12, 12, 12]",last_transformer_decoder_layer,mean_all_heads,current_organ_query,"patch-local softmax cross-attention, upsampled and Gaussian fused","[{""decoder_stage"": ""D1"", ""stage_number"": 1, ""model_output_list_index"": 4, ""internal_stage_index"": 0, ""encoder_skip_index"": 4, ""upsampling_order"": 1, ""is_final_output"": false, ""raw_shape"": [12, 12, 12], ""aligned_shape"": [23, 641, 1022]}, {""decoder_stage"": ""D2"", ""stage_number"": 2, ""model_output_list_index"": 3, ""internal_stage_index"": 1, ""encoder_skip_index"": 3, ""upsampling_order"": 2, ""is_final_output"": false, ""raw_shape"": [24, 24, 24], ""aligned_shape"": [23, 641, 1022]}, {""decoder_stage"": ""D3"", ""stage_number"": 3, ""model_output_list_index"": 2, ""internal_stage_index"": 2, ""encoder_skip_index"": 2, ""upsampling_order"": 3, ""is_final_output"": false, ""raw_shape"": [48, 48, 48], ""aligned_shape"": [23, 641, 1022]}, {""decoder_stage"": ""D4"", ""stage_number"": 4, ""model_output_list_index"": 1, ""internal_stage_index"": 3, ""encoder_skip_index"": 1, ""upsampling_order"": 4, ""is_final_output"": false, ""raw_shape"": [96, 96, 96], ""aligned_shape"": [23, 641, 1022]}, {""decoder_stage"": ""D5"", ""stage_number"": 5, ""model_output_list_index"": 0, ""internal_stage_index"": 4, ""encoder_skip_index"": 0, ""upsampling_order"": 5, ""is_final_output"": true, ""raw_shape"": [192, 192, 192], ""aligned_shape"": [23, 641, 1022]}]","{""D1"": ""patch_upsampled_then_sliding_window_gaussian_fused_full_volume"", ""D2"": ""patch_upsampled_then_sliding_window_gaussian_fused_full_volume"", ""D3"": ""patch_upsampled_then_sliding_window_gaussian_fused_full_volume"", ""D4"": ""patch_upsampled_then_sliding_window_gaussian_fused_full_volume"", ""D5"": ""final_output_sliding_window_gaussian_fused_full_volume""}",10,"[0.7280469536781311, 0.7302095890045166, 0.7402352690696716, 0.7247724533081055, 0.7234227061271667, 0.7399832606315613, 0.7157031893730164, 0.7151031494140625, 0.729520857334137, 0.7286220192909241]","[5.0, 2.0, 0.0, 6.0, 7.0, 1.0, 8.0, 9.0, 3.0, 4.0]","[{""scale"": 1.0, ""offset"": 0.0}, {""scale"": 0.8588010668754578, ""offset"": -0.02219867706298828}, {""scale"": 0.9549269080162048, ""offset"": -0.13609084486961365}, {""scale"": 1.074684500694275, ""offset"": 0.03700048476457596}, {""scale"": 0.863198459148407, ""offset"": 0.04106952250003815}, {""scale"": 0.9489100575447083, ""offset"": -0.12977652251720428}, {""scale"": 0.9689686894416809, ""offset"": 0.09927365928888321}, {""scale"": 1.104757308959961, ""offset"": 0.11777766048908234}, {""scale"": 0.967517077922821, ""offset"": -0.017080916091799736}, {""scale"": 1.1161811351776123, ""offset"": -0.00866287387907505}]",240,60
CYST_PA69,liver,2,0.7402352690696716,0.5,"[23, 641, 1022]","[23, 641, 1022]","[23, 641, 1022]",predictor_crop_to_nonzero_bbox_padding_removed,none_same_size,nearest,FN,15067346,104958,0.14676658809185028,0.14919838309288025,1.6921815850141388e-14,0.0012000390561297536,0.018935780972242355,0.08685307204723358,0.2523071765899658,0.4485020637512207,0.4999735355377197,104958,0.0003654824977274984,0.0004758013237733394,4.8225851060124114e-05,7.887407264206558e-05,0.00013531369040720165,0.0002182370371883735,0.00041082699317485094,0.000994215370155871,0.005331932567059994,104958,0.317594438791275,0.27594444155693054,0.0007760491571389139,0.019175810739398003,0.09781762957572937,0.2360396683216095,0.41909506916999817,0.9037759900093079,0.9972394108772278,104958,-0.5713250041007996,0.2935597896575928,-0.9118725061416626,-0.879017174243927,-0.7968782782554626,-0.6565983295440674,-0.47080299258232117,0.017795424908399582,0.5733065605163574,D5,True,"[192, 192, 192]","[23, 641, 1022]","[12, 12, 12]",last_transformer_decoder_layer,mean_all_heads,current_organ_query,"patch-local softmax cross-attention, upsampled and Gaussian fused","[{""decoder_stage"": ""D1"", ""stage_number"": 1, ""model_output_list_index"": 4, ""internal_stage_index"": 0, ""encoder_skip_index"": 4, ""upsampling_order"": 1, ""is_final_output"": false, ""raw_shape"": [12, 12, 12], ""aligned_shape"": [23, 641, 1022]}, {""decoder_stage"": ""D2"", ""stage_number"": 2, ""model_output_list_index"": 3, ""internal_stage_index"": 1, ""encoder_skip_index"": 3, ""upsampling_order"": 2, ""is_final_output"": false, ""raw_shape"": [24, 24, 24], ""aligned_shape"": [23, 641, 1022]}, {""decoder_stage"": ""D3"", ""stage_number"": 3, ""model_output_list_index"": 2, ""internal_stage_index"": 2, ""encoder_skip_index"": 2, ""upsampling_order"": 3, ""is_final_output"": false, ""raw_shape"": [48, 48, 48], ""aligned_shape"": [23, 641, 1022]}, {""decoder_stage"": ""D4"", ""stage_number"": 4, ""model_output_list_index"": 1, ""internal_stage_index"": 3, ""encoder_skip_index"": 1, ""upsampling_order"": 4, ""is_final_output"": false, ""raw_shape"": [96, 96, 96], ""aligned_shape"": [23, 641, 1022]}, {""decoder_stage"": ""D5"", ""stage_number"": 5, ""model_output_list_index"": 0, ""internal_stage_index"": 4, ""encoder_skip_index"": 0, ""upsampling_order"": 5, ""is_final_output"": true, ""raw_shape"": [192, 192, 192], ""aligned_shape"": [23, 641, 1022]}]","{""D1"": ""patch_upsampled_then_sliding_window_gaussian_fused_full_volume"", ""D2"": ""patch_upsampled_then_sliding_window_gaussian_fused_full_volume"", ""D3"": ""patch_upsampled_then_sliding_window_gaussian_fused_full_volume"", ""D4"": ""patch_upsampled_then_sliding_window_gaussian_fused_full_volume"", ""D5"": ""final_output_sliding_window_gaussian_fused_full_volume""}",10,"[0.7280469536781311, 0.7302095890045166, 0.7402352690696716, 0.7247724533081055, 0.7234227061271667, 0.7399832606315613, 0.7157031893730164, 0.7151031494140625, 0.729520857334137, 0.7286220192909241]","[5.0, 2.0, 0.0, 6.0, 7.0, 1.0, 8.0, 9.0, 3.0, 4.0]","[{""scale"": 1.0, ""offset"": 0.0}, {""scale"": 0.8588010668754578, ""offset"": -0.02219867706298828}, {""scale"": 0.9549269080162048, ""offset"": -0.13609084486961365}, {""scale"": 1.074684500694275, ""offset"": 0.03700048476457596}, {""scale"": 0.863198459148407, ""offset"": 0.04106952250003815}, {""scale"": 0.9489100575447083, ""offset"": -0.12977652251720428}, {""scale"": 0.9689686894416809, ""offset"": 0.09927365928888321}, {""scale"": 1.104757308959961, ""offset"": 0.11777766048908234}, {""scale"": 0.967517077922821, ""offset"": -0.017080916091799736}, {""scale"": 1.1161811351776123, ""offset"": -0.00866287387907505}]",240,60
CYST_PA69,liver,2,0.7402352690696716,0.5,"[23, 641, 1022]","[23, 641, 1022]","[23, 641, 1022]",predictor_crop_to_nonzero_bbox_padding_removed,none_same_size,nearest,FP,15067346,286089,0.8824185132980347,0.14177024364471436,0.500001072883606,0.567532479763031,0.806900143623352,0.953423261642456,0.9911943674087524,0.9993205070495605,0.9999769926071167,286089,0.0004242327413521707,0.00037096982123330235,4.4950265873922035e-05,7.62201743782498e-05,0.00017351946735288948,0.0002894643694162369,0.0005496165249496698,0.0012190756388008595,0.002986367093399167,286089,0.39810335636138916,0.29928410053253174,0.0002397237258264795,0.016688533127307892,0.1655767560005188,0.3162281811237335,0.6465869545936584,0.932915210723877,0.9877628087997437,286089,-0.5388343930244446,0.2963187098503113,-0.9907044172286987,-0.9136998057365417,-0.7718474268913269,-0.6186537742614746,-0.293526828289032,-0.0013464927906170487,0.07327556610107422,D5,True,"[192, 192, 192]","[23, 641, 1022]","[12, 12, 12]",last_transformer_decoder_layer,mean_all_heads,current_organ_query,"patch-local softmax cross-attention, upsampled and Gaussian fused","[{""decoder_stage"": ""D1"", ""stage_number"": 1, ""model_output_list_index"": 4, ""internal_stage_index"": 0, ""encoder_skip_index"": 4, ""upsampling_order"": 1, ""is_final_output"": false, ""raw_shape"": [12, 12, 12], ""aligned_shape"": [23, 641, 1022]}, {""decoder_stage"": ""D2"", ""stage_number"": 2, ""model_output_list_index"": 3, ""internal_stage_index"": 1, ""encoder_skip_index"": 3, ""upsampling_order"": 2, ""is_final_output"": false, ""raw_shape"": [24, 24, 24], ""aligned_shape"": [23, 641, 1022]}, {""decoder_stage"": ""D3"", ""stage_number"": 3, ""model_output_list_index"": 2, ""internal_stage_index"": 2, ""encoder_skip_index"": 2, ""upsampling_order"": 3, ""is_final_output"": false, ""raw_shape"": [48, 48, 48], ""aligned_shape"": [23, 641, 1022]}, {""decoder_stage"": ""D4"", ""stage_number"": 4, ""model_output_list_index"": 1, ""internal_stage_index"": 3, ""encoder_skip_index"": 1, ""upsampling_order"": 4, ""is_final_output"": false, ""raw_shape"": [96, 96, 96], ""aligned_shape"": [23, 641, 1022]}, {""decoder_stage"": ""D5"", ""stage_number"": 5, ""model_output_list_index"": 0, ""internal_stage_index"": 4, ""encoder_skip_index"": 0, ""upsampling_order"": 5, ""is_final_output"": true, ""raw_shape"": [192, 192, 192], ""aligned_shape"": [23, 641, 1022]}]","{""D1"": ""patch_upsampled_then_sliding_window_gaussian_fused_full_volume"", ""D2"": ""patch_upsampled_then_sliding_window_gaussian_fused_full_volume"", ""D3"": ""patch_upsampled_then_sliding_window_gaussian_fused_full_volume"", ""D4"": ""patch_upsampled_then_sliding_window_gaussian_fused_full_volume"", ""D5"": ""final_output_sliding_window_gaussian_fused_full_volume""}",10,"[0.7280469536781311, 0.7302095890045166, 0.7402352690696716, 0.7247724533081055, 0.7234227061271667, 0.7399832606315613, 0.7157031893730164, 0.7151031494140625, 0.729520857334137, 0.7286220192909241]","[5.0, 2.0, 0.0, 6.0, 7.0, 1.0, 8.0, 9.0, 3.0, 4.0]","[{""scale"": 1.0, ""offset"": 0.0}, {""scale"": 0.8588010668754578, ""offset"": -0.02219867706298828}, {""scale"": 0.9549269080162048, ""offset"": -0.13609084486961365}, {""scale"": 1.074684500694275, ""offset"": 0.03700048476457596}, {""scale"": 0.863198459148407, ""offset"": 0.04106952250003815}, {""scale"": 0.9489100575447083, ""offset"": -0.12977652251720428}, {""scale"": 0.9689686894416809, ""offset"": 0.09927365928888321}, {""scale"": 1.104757308959961, ""offset"": 0.11777766048908234}, {""scale"": 0.967517077922821, ""offset"": -0.017080916091799736}, {""scale"": 1.1161811351776123, ""offset"": -0.00866287387907505}]",240,60
CYST_PA69,liver,2,0.7402352690696716,0.5,"[23, 641, 1022]","[23, 641, 1022]","[23, 641, 1022]",predictor_crop_to_nonzero_bbox_padding_removed,none_same_size,nearest,TN,15067346,13653766,0.0033829412423074245,0.02864871919155121,5.182970298571715e-37,7.04863153552824e-20,7.275990517601778e-17,4.114369400731732e-10,4.644274667953141e-06,0.0019361935555934906,0.499996542930603,13653766,0.0005858761724084616,0.0006805463344790041,3.5634195228340104e-05,0.00010673394717741758,0.00024076644331216812,0.0004805559292435646,0.0006442202720791101,0.0015352293848991394,0.025365322828292847,13653766,0.5122120380401611,0.2875789701938629,0.0,0.05249108374118805,0.2648993134498596,0.522231936454773,0.7586268782615662,0.9536312818527222,1.0,13653766,0.05896124243736267,0.4763639271259308,-0.9124938249588013,-0.694806694984436,-0.39811888337135315,0.1679777204990387,0.48811304569244385,0.6812223196029663,0.9891771078109741,D5,True,"[192, 192, 192]","[23, 641, 1022]","[12, 12, 12]",last_transformer_decoder_layer,mean_all_heads,current_organ_query,"patch-local softmax cross-attention, upsampled and Gaussian fused","[{""decoder_stage"": ""D1"", ""stage_number"": 1, ""model_output_list_index"": 4, ""internal_stage_index"": 0, ""encoder_skip_index"": 4, ""upsampling_order"": 1, ""is_final_output"": false, ""raw_shape"": [12, 12, 12], ""aligned_shape"": [23, 641, 1022]}, {""decoder_stage"": ""D2"", ""stage_number"": 2, ""model_output_list_index"": 3, ""internal_stage_index"": 1, ""encoder_skip_index"": 3, ""upsampling_order"": 2, ""is_final_output"": false, ""raw_shape"": [24, 24, 24], ""aligned_shape"": [23, 641, 1022]}, {""decoder_stage"": ""D3"", ""stage_number"": 3, ""model_output_list_index"": 2, ""internal_stage_index"": 2, ""encoder_skip_index"": 2, ""upsampling_order"": 3, ""is_final_output"": false, ""raw_shape"": [48, 48, 48], ""aligned_shape"": [23, 641, 1022]}, {""decoder_stage"": ""D4"", ""stage_number"": 4, ""model_output_list_index"": 1, ""internal_stage_index"": 3, ""encoder_skip_index"": 1, ""upsampling_order"": 4, ""is_final_output"": false, ""raw_shape"": [96, 96, 96], ""aligned_shape"": [23, 641, 1022]}, {""decoder_stage"": ""D5"", ""stage_number"": 5, ""model_output_list_index"": 0, ""internal_stage_index"": 4, ""encoder_skip_index"": 0, ""upsampling_order"": 5, ""is_final_output"": true, ""raw_shape"": [192, 192, 192], ""aligned_shape"": [23, 641, 1022]}]","{""D1"": ""patch_upsampled_then_sliding_window_gaussian_fused_full_volume"", ""D2"": ""patch_upsampled_then_sliding_window_gaussian_fused_full_volume"", ""D3"": ""patch_upsampled_then_sliding_window_gaussian_fused_full_volume"", ""D4"": ""patch_upsampled_then_sliding_window_gaussian_fused_full_volume"", ""D5"": ""final_output_sliding_window_gaussian_fused_full_volume""}",10,"[0.7280469536781311, 0.7302095890045166, 0.7402352690696716, 0.7247724533081055, 0.7234227061271667, 0.7399832606315613, 0.7157031893730164, 0.7151031494140625, 0.729520857334137, 0.7286220192909241]","[5.0, 2.0, 0.0, 6.0, 7.0, 1.0, 8.0, 9.0, 3.0, 4.0]","[{""scale"": 1.0, ""offset"": 0.0}, {""scale"": 0.8588010668754578, ""offset"": -0.02219867706298828}, {""scale"": 0.9549269080162048, ""offset"": -0.13609084486961365}, {""scale"": 1.074684500694275, ""offset"": 0.03700048476457596}, {""scale"": 0.863198459148407, ""offset"": 0.04106952250003815}, {""scale"": 0.9489100575447083, ""offset"": -0.12977652251720428}, {""scale"": 0.9689686894416809, ""offset"": 0.09927365928888321}, {""scale"": 1.104757308959961, ""offset"": 0.11777766048908234}, {""scale"": 0.967517077922821, ""offset"": -0.017080916091799736}, {""scale"": 1.1161811351776123, ""offset"": -0.00866287387907505}]",240,60
MET_PA13,liver,0,0.8125068545341492,0.5,"[24, 456, 487]","[24, 456, 487]","[24, 456, 487]",predictor_crop_to_nonzero_bbox_padding_removed,none_same_size,nearest,valid,5329728,5329728,0.042738378047943115,0.19727174937725067,0.0,5.753874197422221e-22,2.830014004573585e-18,2.2266381446978123e-12,1.223921515247639e-07,0.020434614270925522,0.9999964237213135,5329728,0.0004955831682309508,0.0002849643351510167,3.6590059607988223e-05,0.00011737685417756438,0.0003223677340429276,0.0005189661751501262,0.0006071108509786427,0.0007713137893006206,0.005299111362546682,5329728,0.5,0.2886751890182495,0.0,0.05000000074505806,0.25,0.5,0.7500001192092896,0.949999988079071,1.0,5329728,-1.4658346758622542e-09,0.46740397810935974,-0.9893705248832703,-0.8132429718971252,-0.3965153396129608,0.09366025030612946,0.37057650089263916,0.6579409837722778,0.977063000202179,D5,True,"[192, 192, 192]","[24, 456, 487]","[12, 12, 12]",last_transformer_decoder_layer,mean_all_heads,current_organ_query,"patch-local softmax cross-attention, upsampled and Gaussian fused","[{""decoder_stage"": ""D1"", ""stage_number"": 1, ""model_output_list_index"": 4, ""internal_stage_index"": 0, ""encoder_skip_index"": 4, ""upsampling_order"": 1, ""is_final_output"": false, ""raw_shape"": [12, 12, 12], ""aligned_shape"": [24, 456, 487]}, {""decoder_stage"": ""D2"", ""stage_number"": 2, ""model_output_list_index"": 3, ""internal_stage_index"": 1, ""encoder_skip_index"": 3, ""upsampling_order"": 2, ""is_final_output"": false, ""raw_shape"": [24, 24, 24], ""aligned_shape"": [24, 456, 487]}, {""decoder_stage"": ""D3"", ""stage_number"": 3, ""model_output_list_index"": 2, ""internal_stage_index"": 2, ""encoder_skip_index"": 2, ""upsampling_order"": 3, ""is_final_output"": false, ""raw_shape"": [48, 48, 48], ""aligned_shape"": [24, 456, 487]}, {""decoder_stage"": ""D4"", ""stage_number"": 4, ""model_output_list_index"": 1, ""internal_stage_index"": 3, ""encoder_skip_index"": 1, ""upsampling_order"": 4, ""is_final_output"": false, ""raw_shape"": [96, 96, 96], ""aligned_shape"": [24, 456, 487]}, {""decoder_stage"": ""D5"", ""stage_number"": 5, ""model_output_list_index"": 0, ""internal_stage_index"": 4, ""encoder_skip_index"": 0, ""upsampling_order"": 5, ""is_final_output"": true, ""raw_shape"": [192, 192, 192], ""aligned_shape"": [24, 456, 487]}]","{""D1"": ""patch_upsampled_then_sliding_window_gaussian_fused_full_volume"", ""D2"": ""patch_upsampled_then_sliding_window_gaussian_fused_full_volume"", ""D3"": ""patch_upsampled_then_sliding_window_gaussian_fused_full_volume"", ""D4"": ""patch_upsampled_then_sliding_window_gaussian_fused_full_volume"", ""D5"": ""final_output_sliding_window_gaussian_fused_full_volume""}",10,"[0.8125068545341492, 0.8109126091003418, 0.8091157078742981, 0.8097036480903625, 0.8097190856933594, 0.8103030323982239, 0.8098875880241394, 0.8098219037055969, 0.8099572658538818, 0.7945148348808289]","[0.0, 1.0, 8.0, 7.0, 6.0, 2.0, 4.0, 5.0, 3.0, 9.0]","[{""scale"": 1.0, ""offset"": 0.0}, {""scale"": 0.9605093598365784, ""offset"": -0.03007718361914158}, {""scale"": 0.9806379675865173, ""offset"": 0.1307796686887741}, {""scale"": 0.9672466516494751, ""offset"": 0.034671127796173096}, {""scale"": 1.0291122198104858, ""offset"": 0.1152450293302536}, {""scale"": 1.0560436248779297, ""offset"": -0.03992137312889099}, {""scale"": 1.102924108505249, ""offset"": 0.09000785648822784}, {""scale"": 0.9925603270530701, ""offset"": 0.09106706082820892}, {""scale"": 1.0937930345535278, ""offset"": 0.10315366834402084}, {""scale"": 0.9742881059646606, ""offset"": -0.12761887907981873}]",90,20
MET_PA13,liver,0,0.8125068545341492,0.5,"[24, 456, 487]","[24, 456, 487]","[24, 456, 487]",predictor_crop_to_nonzero_bbox_padding_removed,none_same_size,nearest,gt_foreground,5329728,228100,0.8687868714332581,0.299787312746048,2.985126747603406e-17,0.0059426892548799515,0.9760585427284241,0.9974555373191833,0.9993459582328796,0.9998595714569092,0.9999964237213135,228100,0.0004057881305925548,0.00035200687125325203,4.08112900913693e-05,8.880556561052799e-05,0.00019373814575374126,0.0003078279842156917,0.0004654782824218273,0.001191776362247765,0.002794356783851981,228100,0.3330250680446625,0.2945139408111572,0.00011088747851317748,0.025117890909314156,0.13692066073417664,0.23989719152450562,0.3802964389324188,0.9791975021362305,0.9984441995620728,228100,-0.637694239616394,0.30864036083221436,-0.9845991134643555,-0.9417725801467896,-0.8403943181037903,-0.7402766346931458,-0.5949060916900635,0.013396671041846275,0.5147284269332886,D5,True,"[192, 192, 192]","[24, 456, 487]","[12, 12, 12]",last_transformer_decoder_layer,mean_all_heads,current_organ_query,"patch-local softmax cross-attention, upsampled and Gaussian fused","[{""decoder_stage"": ""D1"", ""stage_number"": 1, ""model_output_list_index"": 4, ""internal_stage_index"": 0, ""encoder_skip_index"": 4, ""upsampling_order"": 1, ""is_final_output"": false, ""raw_shape"": [12, 12, 12], ""aligned_shape"": [24, 456, 487]}, {""decoder_stage"": ""D2"", ""stage_number"": 2, ""model_output_list_index"": 3, ""internal_stage_index"": 1, ""encoder_skip_index"": 3, ""upsampling_order"": 2, ""is_final_output"": false, ""raw_shape"": [24, 24, 24], ""aligned_shape"": [24, 456, 487]}, {""decoder_stage"": ""D3"", ""stage_number"": 3, ""model_output_list_index"": 2, ""internal_stage_index"": 2, ""encoder_skip_index"": 2, ""upsampling_order"": 3, ""is_final_output"": false, ""raw_shape"": [48, 48, 48], ""aligned_shape"": [24, 456, 487]}, {""decoder_stage"": ""D4"", ""stage_number"": 4, ""model_output_list_index"": 1, ""internal_stage_index"": 3, ""encoder_skip_index"": 1, ""upsampling_order"": 4, ""is_final_output"": false, ""raw_shape"": [96, 96, 96], ""aligned_shape"": [24, 456, 487]}, {""decoder_stage"": ""D5"", ""stage_number"": 5, ""model_output_list_index"": 0, ""internal_stage_index"": 4, ""encoder_skip_index"": 0, ""upsampling_order"": 5, ""is_final_output"": true, ""raw_shape"": [192, 192, 192], ""aligned_shape"": [24, 456, 487]}]","{""D1"": ""patch_upsampled_then_sliding_window_gaussian_fused_full_volume"", ""D2"": ""patch_upsampled_then_sliding_window_gaussian_fused_full_volume"", ""D3"": ""patch_upsampled_then_sliding_window_gaussian_fused_full_volume"", ""D4"": ""patch_upsampled_then_sliding_window_gaussian_fused_full_volume"", ""D5"": ""final_output_sliding_window_gaussian_fused_full_volume""}",10,"[0.8125068545341492, 0.8109126091003418, 0.8091157078742981, 0.8097036480903625, 0.8097190856933594, 0.8103030323982239, 0.8098875880241394, 0.8098219037055969, 0.8099572658538818, 0.7945148348808289]","[0.0, 1.0, 8.0, 7.0, 6.0, 2.0, 4.0, 5.0, 3.0, 9.0]","[{""scale"": 1.0, ""offset"": 0.0}, {""scale"": 0.9605093598365784, ""offset"": -0.03007718361914158}, {""scale"": 0.9806379675865173, ""offset"": 0.1307796686887741}, {""scale"": 0.9672466516494751, ""offset"": 0.034671127796173096}, {""scale"": 1.0291122198104858, ""offset"": 0.1152450293302536}, {""scale"": 1.0560436248779297, ""offset"": -0.03992137312889099}, {""scale"": 1.102924108505249, ""offset"": 0.09000785648822784}, {""scale"": 0.9925603270530701, ""offset"": 0.09106706082820892}, {""scale"": 1.0937930345535278, ""offset"": 0.10315366834402084}, {""scale"": 0.9742881059646606, ""offset"": -0.12761887907981873}]",90,20
MET_PA13,liver,0,0.8125068545341492,0.5,"[24, 456, 487]","[24, 456, 487]","[24, 456, 487]",predictor_crop_to_nonzero_bbox_padding_removed,none_same_size,nearest,gt_background_valid,5329728,5101628,0.005804745946079493,0.06902726739645004,0.0,4.469915605277853e-22,2.2040171586784075e-18,9.235549879114263e-14,5.5708952118038724e-08,1.1103210454166401e-05,0.9999208450317383,5101628,0.0004995979834347963,0.0002809246943797916,3.6590059607988223e-05,0.00011994437227258459,0.0003427569172345102,0.0005247212247923017,0.0006086081848479807,0.0007604121929034591,0.005299111362546682,5101628,0.507465660572052,0.2861447334289551,0.0,0.05252189189195633,0.2636457085609436,0.5128872394561768,0.7541621327400208,0.9474967122077942,1.0,5101628,0.02851208485662937,0.45274749398231506,-0.9893705248832703,-0.7824565172195435,-0.346115380525589,0.11782524734735489,0.38234496116638184,0.6640464067459106,0.977063000202179,D5,True,"[192, 192, 192]","[24, 456, 487]","[12, 12, 12]",last_transformer_decoder_layer,mean_all_heads,current_organ_query,"patch-local softmax cross-attention, upsampled and Gaussian fused","[{""decoder_stage"": ""D1"", ""stage_number"": 1, ""model_output_list_index"": 4, ""internal_stage_index"": 0, ""encoder_skip_index"": 4, ""upsampling_order"": 1, ""is_final_output"": false, ""raw_shape"": [12, 12, 12], ""aligned_shape"": [24, 456, 487]}, {""decoder_stage"": ""D2"", ""stage_number"": 2, ""model_output_list_index"": 3, ""internal_stage_index"": 1, ""encoder_skip_index"": 3, ""upsampling_order"": 2, ""is_final_output"": false, ""raw_shape"": [24, 24, 24], ""aligned_shape"": [24, 456, 487]}, {""decoder_stage"": ""D3"", ""stage_number"": 3, ""model_output_list_index"": 2, ""internal_stage_index"": 2, ""encoder_skip_index"": 2, ""upsampling_order"": 3, ""is_final_output"": false, ""raw_shape"": [48, 48, 48], ""aligned_shape"": [24, 456, 487]}, {""decoder_stage"": ""D4"", ""stage_number"": 4, ""model_output_list_index"": 1, ""internal_stage_index"": 3, ""encoder_skip_index"": 1, ""upsampling_order"": 4, ""is_final_output"": false, ""raw_shape"": [96, 96, 96], ""aligned_shape"": [24, 456, 487]}, {""decoder_stage"": ""D5"", ""stage_number"": 5, ""model_output_list_index"": 0, ""internal_stage_index"": 4, ""encoder_skip_index"": 0, ""upsampling_order"": 5, ""is_final_output"": true, ""raw_shape"": [192, 192, 192], ""aligned_shape"": [24, 456, 487]}]","{""D1"": ""patch_upsampled_then_sliding_window_gaussian_fused_full_volume"", ""D2"": ""patch_upsampled_then_sliding_window_gaussian_fused_full_volume"", ""D3"": ""patch_upsampled_then_sliding_window_gaussian_fused_full_volume"", ""D4"": ""patch_upsampled_then_sliding_window_gaussian_fused_full_volume"", ""D5"": ""final_output_sliding_window_gaussian_fused_full_volume""}",10,"[0.8125068545341492, 0.8109126091003418, 0.8091157078742981, 0.8097036480903625, 0.8097190856933594, 0.8103030323982239, 0.8098875880241394, 0.8098219037055969, 0.8099572658538818, 0.7945148348808289]","[0.0, 1.0, 8.0, 7.0, 6.0, 2.0, 4.0, 5.0, 3.0, 9.0]","[{""scale"": 1.0, ""offset"": 0.0}, {""scale"": 0.9605093598365784, ""offset"": -0.03007718361914158}, {""scale"": 0.9806379675865173, ""offset"": 0.1307796686887741}, {""scale"": 0.9672466516494751, ""offset"": 0.034671127796173096}, {""scale"": 1.0291122198104858, ""offset"": 0.1152450293302536}, {""scale"": 1.0560436248779297, ""offset"": -0.03992137312889099}, {""scale"": 1.102924108505249, ""offset"": 0.09000785648822784}, {""scale"": 0.9925603270530701, ""offset"": 0.09106706082820892}, {""scale"": 1.0937930345535278, ""offset"": 0.10315366834402084}, {""scale"": 0.9742881059646606, ""offset"": -0.12761887907981873}]",90,20
MET_PA13,liver,0,0.8125068545341492,0.5,"[24, 456, 487]","[24, 456, 487]","[24, 456, 487]",predictor_crop_to_nonzero_bbox_padding_removed,none_same_size,nearest,TP,5329728,200176,0.9765304923057556,0.0694110170006752,0.5000734329223633,0.8509222269058228,0.9916577339172363,0.998226523399353,0.9994497895240784,0.9998711347579956,0.9999964237213135,200176,0.0003773601201828569,0.00029356213053688407,4.6660374209750444e-05,8.860404341248795e-05,0.00019377272110432386,0.00030624307692050934,0.0004467396065592766,0.0010219161631539464,0.002308216178789735,200176,0.31606918573379517,0.2753927707672119,0.0012353353668004274,0.02495521865785122,0.13696376979351044,0.23879806697368622,0.3445488214492798,0.9713360071182251,0.996590793132782,200176,-0.6641655564308167,0.2745194733142853,-0.9845991134643555,-0.943935751914978,-0.8443874716758728,-0.7440953850746155,-0.6364063024520874,-0.008002296090126038,0.03927481174468994,D5,True,"[192, 192, 192]","[24, 456, 487]","[12, 12, 12]",last_transformer_decoder_layer,mean_all_heads,current_organ_query,"patch-local softmax cross-attention, upsampled and Gaussian fused","[{""decoder_stage"": ""D1"", ""stage_number"": 1, ""model_output_list_index"": 4, ""internal_stage_index"": 0, ""encoder_skip_index"": 4, ""upsampling_order"": 1, ""is_final_output"": false, ""raw_shape"": [12, 12, 12], ""aligned_shape"": [24, 456, 487]}, {""decoder_stage"": ""D2"", ""stage_number"": 2, ""model_output_list_index"": 3, ""internal_stage_index"": 1, ""encoder_skip_index"": 3, ""upsampling_order"": 2, ""is_final_output"": false, ""raw_shape"": [24, 24, 24], ""aligned_shape"": [24, 456, 487]}, {""decoder_stage"": ""D3"", ""stage_number"": 3, ""model_output_list_index"": 2, ""internal_stage_index"": 2, ""encoder_skip_index"": 2, ""upsampling_order"": 3, ""is_final_output"": false, ""raw_shape"": [48, 48, 48], ""aligned_shape"": [24, 456, 487]}, {""decoder_stage"": ""D4"", ""stage_number"": 4, ""model_output_list_index"": 1, ""internal_stage_index"": 3, ""encoder_skip_index"": 1, ""upsampling_order"": 4, ""is_final_output"": false, ""raw_shape"": [96, 96, 96], ""aligned_shape"": [24, 456, 487]}, {""decoder_stage"": ""D5"", ""stage_number"": 5, ""model_output_list_index"": 0, ""internal_stage_index"": 4, ""encoder_skip_index"": 0, ""upsampling_order"": 5, ""is_final_output"": true, ""raw_shape"": [192, 192, 192], ""aligned_shape"": [24, 456, 487]}]","{""D1"": ""patch_upsampled_then_sliding_window_gaussian_fused_full_volume"", ""D2"": ""patch_upsampled_then_sliding_window_gaussian_fused_full_volume"", ""D3"": ""patch_upsampled_then_sliding_window_gaussian_fused_full_volume"", ""D4"": ""patch_upsampled_then_sliding_window_gaussian_fused_full_volume"", ""D5"": ""final_output_sliding_window_gaussian_fused_full_volume""}",10,"[0.8125068545341492, 0.8109126091003418, 0.8091157078742981, 0.8097036480903625, 0.8097190856933594, 0.8103030323982239, 0.8098875880241394, 0.8098219037055969, 0.8099572658538818, 0.7945148348808289]","[0.0, 1.0, 8.0, 7.0, 6.0, 2.0, 4.0, 5.0, 3.0, 9.0]","[{""scale"": 1.0, ""offset"": 0.0}, {""scale"": 0.9605093598365784, ""offset"": -0.03007718361914158}, {""scale"": 0.9806379675865173, ""offset"": 0.1307796686887741}, {""scale"": 0.9672466516494751, ""offset"": 0.034671127796173096}, {""scale"": 1.0291122198104858, ""offset"": 0.1152450293302536}, {""scale"": 1.0560436248779297, ""offset"": -0.03992137312889099}, {""scale"": 1.102924108505249, ""offset"": 0.09000785648822784}, {""scale"": 0.9925603270530701, ""offset"": 0.09106706082820892}, {""scale"": 1.0937930345535278, ""offset"": 0.10315366834402084}, {""scale"": 0.9742881059646606, ""offset"": -0.12761887907981873}]",90,20
MET_PA13,liver,0,0.8125068545341492,0.5,"[24, 456, 487]","[24, 456, 487]","[24, 456, 487]",predictor_crop_to_nonzero_bbox_padding_removed,none_same_size,nearest,FN,5329728,27924,0.09641540795564651,0.1407785266637802,2.985126747603406e-17,1.307044750209485e-10,0.0003000729775521904,0.0168255977332592,0.14718030393123627,0.4254431128501892,0.4999992251396179,27924,0.0006095771677792072,0.0005891159526072443,4.08112900913693e-05,9.063218749361113e-05,0.00019339285790920258,0.0003297588846180588,0.0009147032396867871,0.001938378787599504,0.002794356783851981,27924,0.45457467436790466,0.3847356140613556,0.00011088747851317748,0.02653508260846138,0.13650985062122345,0.2550172209739685,0.9652280211448669,0.9940999746322632,0.9984441995620728,27924,-0.4479318857192993,0.4436960220336914,-0.9554373025894165,-0.9237217307090759,-0.81258225440979,-0.6832982301712036,0.029355496168136597,0.3642551600933075,0.5147284269332886,D5,True,"[192, 192, 192]","[24, 456, 487]","[12, 12, 12]",last_transformer_decoder_layer,mean_all_heads,current_organ_query,"patch-local softmax cross-attention, upsampled and Gaussian fused","[{""decoder_stage"": ""D1"", ""stage_number"": 1, ""model_output_list_index"": 4, ""internal_stage_index"": 0, ""encoder_skip_index"": 4, ""upsampling_order"": 1, ""is_final_output"": false, ""raw_shape"": [12, 12, 12], ""aligned_shape"": [24, 456, 487]}, {""decoder_stage"": ""D2"", ""stage_number"": 2, ""model_output_list_index"": 3, ""internal_stage_index"": 1, ""encoder_skip_index"": 3, ""upsampling_order"": 2, ""is_final_output"": false, ""raw_shape"": [24, 24, 24], ""aligned_shape"": [24, 456, 487]}, {""decoder_stage"": ""D3"", ""stage_number"": 3, ""model_output_list_index"": 2, ""internal_stage_index"": 2, ""encoder_skip_index"": 2, ""upsampling_order"": 3, ""is_final_output"": false, ""raw_shape"": [48, 48, 48], ""aligned_shape"": [24, 456, 487]}, {""decoder_stage"": ""D4"", ""stage_number"": 4, ""model_output_list_index"": 1, ""internal_stage_index"": 3, ""encoder_skip_index"": 1, ""upsampling_order"": 4, ""is_final_output"": false, ""raw_shape"": [96, 96, 96], ""aligned_shape"": [24, 456, 487]}, {""decoder_stage"": ""D5"", ""stage_number"": 5, ""model_output_list_index"": 0, ""internal_stage_index"": 4, ""encoder_skip_index"": 0, ""upsampling_order"": 5, ""is_final_output"": true, ""raw_shape"": [192, 192, 192], ""aligned_shape"": [24, 456, 487]}]","{""D1"": ""patch_upsampled_then_sliding_window_gaussian_fused_full_volume"", ""D2"": ""patch_upsampled_then_sliding_window_gaussian_fused_full_volume"", ""D3"": ""patch_upsampled_then_sliding_window_gaussian_fused_full_volume"", ""D4"": ""patch_upsampled_then_sliding_window_gaussian_fused_full_volume"", ""D5"": ""final_output_sliding_window_gaussian_fused_full_volume""}",10,"[0.8125068545341492, 0.8109126091003418, 0.8091157078742981, 0.8097036480903625, 0.8097190856933594, 0.8103030323982239, 0.8098875880241394, 0.8098219037055969, 0.8099572658538818, 0.7945148348808289]","[0.0, 1.0, 8.0, 7.0, 6.0, 2.0, 4.0, 5.0, 3.0, 9.0]","[{""scale"": 1.0, ""offset"": 0.0}, {""scale"": 0.9605093598365784, ""offset"": -0.03007718361914158}, {""scale"": 0.9806379675865173, ""offset"": 0.1307796686887741}, {""scale"": 0.9672466516494751, ""offset"": 0.034671127796173096}, {""scale"": 1.0291122198104858, ""offset"": 0.1152450293302536}, {""scale"": 1.0560436248779297, ""offset"": -0.03992137312889099}, {""scale"": 1.102924108505249, ""offset"": 0.09000785648822784}, {""scale"": 0.9925603270530701, ""offset"": 0.09106706082820892}, {""scale"": 1.0937930345535278, ""offset"": 0.10315366834402084}, {""scale"": 0.9742881059646606, ""offset"": -0.12761887907981873}]",90,20
MET_PA13,liver,0,0.8125068545341492,0.5,"[24, 456, 487]","[24, 456, 487]","[24, 456, 487]",predictor_crop_to_nonzero_bbox_padding_removed,none_same_size,nearest,FP,5329728,28978,0.8896530866622925,0.1397228240966797,0.5001946091651917,0.5730747580528259,0.8242501020431519,0.9623591899871826,0.9923285245895386,0.998812198638916,0.9999208450317383,28978,0.0002707974927034229,0.0002633818075992167,4.624630673788488e-05,6.12180374446325e-05,9.559225873090327e-05,0.00017298091552220285,0.0003265434643253684,0.0008776926551945508,0.002066980581730604,28978,0.22136369347572327,0.28412795066833496,0.0010709741618484259,0.007765228860080242,0.030528487637639046,0.11079089343547821,0.25284233689308167,0.9626831412315369,0.9951250553131104,28978,-0.745171844959259,0.2855633795261383,-0.9893705248832703,-0.9657323360443115,-0.9364081621170044,-0.8552829027175903,-0.7120717763900757,-0.0023147284518927336,0.03741014003753662,D5,True,"[192, 192, 192]","[24, 456, 487]","[12, 12, 12]",last_transformer_decoder_layer,mean_all_heads,current_organ_query,"patch-local softmax cross-attention, upsampled and Gaussian fused","[{""decoder_stage"": ""D1"", ""stage_number"": 1, ""model_output_list_index"": 4, ""internal_stage_index"": 0, ""encoder_skip_index"": 4, ""upsampling_order"": 1, ""is_final_output"": false, ""raw_shape"": [12, 12, 12], ""aligned_shape"": [24, 456, 487]}, {""decoder_stage"": ""D2"", ""stage_number"": 2, ""model_output_list_index"": 3, ""internal_stage_index"": 1, ""encoder_skip_index"": 3, ""upsampling_order"": 2, ""is_final_output"": false, ""raw_shape"": [24, 24, 24], ""aligned_shape"": [24, 456, 487]}, {""decoder_stage"": ""D3"", ""stage_number"": 3, ""model_output_list_index"": 2, ""internal_stage_index"": 2, ""encoder_skip_index"": 2, ""upsampling_order"": 3, ""is_final_output"": false, ""raw_shape"": [48, 48, 48], ""aligned_shape"": [24, 456, 487]}, {""decoder_stage"": ""D4"", ""stage_number"": 4, ""model_output_list_index"": 1, ""internal_stage_index"": 3, ""encoder_skip_index"": 1, ""upsampling_order"": 4, ""is_final_output"": false, ""raw_shape"": [96, 96, 96], ""aligned_shape"": [24, 456, 487]}, {""decoder_stage"": ""D5"", ""stage_number"": 5, ""model_output_list_index"": 0, ""internal_stage_index"": 4, ""encoder_skip_index"": 0, ""upsampling_order"": 5, ""is_final_output"": true, ""raw_shape"": [192, 192, 192], ""aligned_shape"": [24, 456, 487]}]","{""D1"": ""patch_upsampled_then_sliding_window_gaussian_fused_full_volume"", ""D2"": ""patch_upsampled_then_sliding_window_gaussian_fused_full_volume"", ""D3"": ""patch_upsampled_then_sliding_window_gaussian_fused_full_volume"", ""D4"": ""patch_upsampled_then_sliding_window_gaussian_fused_full_volume"", ""D5"": ""final_output_sliding_window_gaussian_fused_full_volume""}",10,"[0.8125068545341492, 0.8109126091003418, 0.8091157078742981, 0.8097036480903625, 0.8097190856933594, 0.8103030323982239, 0.8098875880241394, 0.8098219037055969, 0.8099572658538818, 0.7945148348808289]","[0.0, 1.0, 8.0, 7.0, 6.0, 2.0, 4.0, 5.0, 3.0, 9.0]","[{""scale"": 1.0, ""offset"": 0.0}, {""scale"": 0.9605093598365784, ""offset"": -0.03007718361914158}, {""scale"": 0.9806379675865173, ""offset"": 0.1307796686887741}, {""scale"": 0.9672466516494751, ""offset"": 0.034671127796173096}, {""scale"": 1.0291122198104858, ""offset"": 0.1152450293302536}, {""scale"": 1.0560436248779297, ""offset"": -0.03992137312889099}, {""scale"": 1.102924108505249, ""offset"": 0.09000785648822784}, {""scale"": 0.9925603270530701, ""offset"": 0.09106706082820892}, {""scale"": 1.0937930345535278, ""offset"": 0.10315366834402084}, {""scale"": 0.9742881059646606, ""offset"": -0.12761887907981873}]",90,20
MET_PA13,liver,0,0.8125068545341492,0.5,"[24, 456, 487]","[24, 456, 487]","[24, 456, 487]",predictor_crop_to_nonzero_bbox_padding_removed,none_same_size,nearest,TN,5329728,5072650,0.0007556772325187922,0.013869203627109528,0.0,4.318032744207669e-22,2.134970324997075e-18,5.795371642433253e-14,4.9564423676429215e-08,7.466883744200459e-06,0.4999489188194275,5072650,0.0005009050364606082,0.0002804861287586391,3.6590059607988223e-05,0.0001215946176671423,0.0003476660931482911,0.0005256138974800706,0.000608885835390538,0.0007598143420182168,0.005299111362546682,5072650,0.5091000199317932,0.2853333055973053,0.0,0.05415332689881325,0.2668679654598236,0.5149081945419312,0.7549269199371338,0.9473567008972168,1.0,5072650,0.03293182700872421,0.4497181475162506,-0.9549569487571716,-0.7730314135551453,-0.33867713809013367,0.12093222141265869,0.38389474153518677,0.6648603081703186,0.977063000202179,D5,True,"[192, 192, 192]","[24, 456, 487]","[12, 12, 12]",last_transformer_decoder_layer,mean_all_heads,current_organ_query,"patch-local softmax cross-attention, upsampled and Gaussian fused","[{""decoder_stage"": ""D1"", ""stage_number"": 1, ""model_output_list_index"": 4, ""internal_stage_index"": 0, ""encoder_skip_index"": 4, ""upsampling_order"": 1, ""is_final_output"": false, ""raw_shape"": [12, 12, 12], ""aligned_shape"": [24, 456, 487]}, {""decoder_stage"": ""D2"", ""stage_number"": 2, ""model_output_list_index"": 3, ""internal_stage_index"": 1, ""encoder_skip_index"": 3, ""upsampling_order"": 2, ""is_final_output"": false, ""raw_shape"": [24, 24, 24], ""aligned_shape"": [24, 456, 487]}, {""decoder_stage"": ""D3"", ""stage_number"": 3, ""model_output_list_index"": 2, ""internal_stage_index"": 2, ""encoder_skip_index"": 2, ""upsampling_order"": 3, ""is_final_output"": false, ""raw_shape"": [48, 48, 48], ""aligned_shape"": [24, 456, 487]}, {""decoder_stage"": ""D4"", ""stage_number"": 4, ""model_output_list_index"": 1, ""internal_stage_index"": 3, ""encoder_skip_index"": 1, ""upsampling_order"": 4, ""is_final_output"": false, ""raw_shape"": [96, 96, 96], ""aligned_shape"": [24, 456, 487]}, {""decoder_stage"": ""D5"", ""stage_number"": 5, ""model_output_list_index"": 0, ""internal_stage_index"": 4, ""encoder_skip_index"": 0, ""upsampling_order"": 5, ""is_final_output"": true, ""raw_shape"": [192, 192, 192], ""aligned_shape"": [24, 456, 487]}]","{""D1"": ""patch_upsampled_then_sliding_window_gaussian_fused_full_volume"", ""D2"": ""patch_upsampled_then_sliding_window_gaussian_fused_full_volume"", ""D3"": ""patch_upsampled_then_sliding_window_gaussian_fused_full_volume"", ""D4"": ""patch_upsampled_then_sliding_window_gaussian_fused_full_volume"", ""D5"": ""final_output_sliding_window_gaussian_fused_full_volume""}",10,"[0.8125068545341492, 0.8109126091003418, 0.8091157078742981, 0.8097036480903625, 0.8097190856933594, 0.8103030323982239, 0.8098875880241394, 0.8098219037055969, 0.8099572658538818, 0.7945148348808289]","[0.0, 1.0, 8.0, 7.0, 6.0, 2.0, 4.0, 5.0, 3.0, 9.0]","[{""scale"": 1.0, ""offset"": 0.0}, {""scale"": 0.9605093598365784, ""offset"": -0.03007718361914158}, {""scale"": 0.9806379675865173, ""offset"": 0.1307796686887741}, {""scale"": 0.9672466516494751, ""offset"": 0.034671127796173096}, {""scale"": 1.0291122198104858, ""offset"": 0.1152450293302536}, {""scale"": 1.0560436248779297, ""offset"": -0.03992137312889099}, {""scale"": 1.102924108505249, ""offset"": 0.09000785648822784}, {""scale"": 0.9925603270530701, ""offset"": 0.09106706082820892}, {""scale"": 1.0937930345535278, ""offset"": 0.10315366834402084}, {""scale"": 0.9742881059646606, ""offset"": -0.12761887907981873}]",90,20
MET_PA25,liver,8,0.751777172088623,0.5,"[24, 456, 487]","[24, 456, 487]","[24, 456, 487]",predictor_crop_to_nonzero_bbox_padding_removed,none_same_size,nearest,valid,5329728,5329728,0.04703821614384651,0.20718596875667572,0.0,4.781552581530517e-24,1.3567547101631543e-17,8.240287030503168e-08,2.057764504570514e-06,0.1550128310918808,0.9999954700469971,5329728,0.0004550250305328518,0.00038413406582549214,3.836291944026016e-05,0.0001068335841409862,0.00022771618387196213,0.0004831737605854869,0.0005862641846761107,0.0007200773106887937,0.015614726580679417,5329728,0.5,0.2886751890182495,0.0,0.05000000074505806,0.25,0.5,0.75,0.9500000476837158,1.0,5329728,1.0993760346522663e-09,0.452899694442749,-0.9832277894020081,-0.740449845790863,-0.3589823246002197,-0.01156511902809143,0.3494842052459717,0.7231270670890808,0.989387571811676,D5,True,"[192, 192, 192]","[24, 456, 487]","[12, 12, 12]",last_transformer_decoder_layer,mean_all_heads,current_organ_query,"patch-local softmax cross-attention, upsampled and Gaussian fused","[{""decoder_stage"": ""D1"", ""stage_number"": 1, ""model_output_list_index"": 4, ""internal_stage_index"": 0, ""encoder_skip_index"": 4, ""upsampling_order"": 1, ""is_final_output"": false, ""raw_shape"": [12, 12, 12], ""aligned_shape"": [24, 456, 487]}, {""decoder_stage"": ""D2"", ""stage_number"": 2, ""model_output_list_index"": 3, ""internal_stage_index"": 1, ""encoder_skip_index"": 3, ""upsampling_order"": 2, ""is_final_output"": false, ""raw_shape"": [24, 24, 24], ""aligned_shape"": [24, 456, 487]}, {""decoder_stage"": ""D3"", ""stage_number"": 3, ""model_output_list_index"": 2, ""internal_stage_index"": 2, ""encoder_skip_index"": 2, ""upsampling_order"": 3, ""is_final_output"": false, ""raw_shape"": [48, 48, 48], ""aligned_shape"": [24, 456, 487]}, {""decoder_stage"": ""D4"", ""stage_number"": 4, ""model_output_list_index"": 1, ""internal_stage_index"": 3, ""encoder_skip_index"": 1, ""upsampling_order"": 4, ""is_final_output"": false, ""raw_shape"": [96, 96, 96], ""aligned_shape"": [24, 456, 487]}, {""decoder_stage"": ""D5"", ""stage_number"": 5, ""model_output_list_index"": 0, ""internal_stage_index"": 4, ""encoder_skip_index"": 0, ""upsampling_order"": 5, ""is_final_output"": true, ""raw_shape"": [192, 192, 192], ""aligned_shape"": [24, 456, 487]}]","{""D1"": ""patch_upsampled_then_sliding_window_gaussian_fused_full_volume"", ""D2"": ""patch_upsampled_then_sliding_window_gaussian_fused_full_volume"", ""D3"": ""patch_upsampled_then_sliding_window_gaussian_fused_full_volume"", ""D4"": ""patch_upsampled_then_sliding_window_gaussian_fused_full_volume"", ""D5"": ""final_output_sliding_window_gaussian_fused_full_volume""}",10,"[0.7345430254936218, 0.7350015640258789, 0.7499967217445374, 0.7455401420593262, 0.7374054789543152, 0.7386994361877441, 0.7358531951904297, 0.7419715523719788, 0.751777172088623, 0.7495965361595154]","[9.0, 8.0, 1.0, 3.0, 6.0, 5.0, 7.0, 4.0, 0.0, 2.0]","[{""scale"": 1.0, ""offset"": 0.0}, {""scale"": 1.1118695735931396, ""offset"": 0.044351041316986084}, {""scale"": 1.0819752216339111, ""offset"": 0.10011642426252365}, {""scale"": 0.9468082785606384, ""offset"": 0.0735953152179718}, {""scale"": 0.9674914479255676, ""offset"": -0.02767578512430191}, {""scale"": 0.9564691185951233, ""offset"": 0.05178204923868179}, {""scale"": 0.8548049330711365, ""offset"": -0.04294867813587189}, {""scale"": 1.1311568021774292, ""offset"": 0.0743621215224266}, {""scale"": 1.0846853256225586, ""offset"": 0.11632465571165085}, {""scale"": 1.084661841392517, ""offset"": 0.09833667427301407}]",90,20
MET_PA25,liver,8,0.751777172088623,0.5,"[24, 456, 487]","[24, 456, 487]","[24, 456, 487]",predictor_crop_to_nonzero_bbox_padding_removed,none_same_size,nearest,gt_foreground,5329728,217685,0.9549626708030701,0.17043949663639069,1.9597395350956504e-07,0.7260991930961609,0.9959213733673096,0.9992621541023254,0.9997901320457458,0.999944806098938,0.9999954700469971,217685,0.000365293410141021,0.00028944038785994053,5.801417864859104e-05,0.000114960472274106,0.00016765695181675255,0.00028460504836402833,0.00044465577229857445,0.0009381080162711442,0.002083781873807311,217685,0.3711295425891876,0.2753377854824066,0.0032536375802010298,0.0642399862408638,0.16685713827610016,0.30616316199302673,0.425801545381546,0.9793105125427246,0.9941064715385437,217685,-0.6069492697715759,0.27370524406433105,-0.9832277894020081,-0.9101929068565369,-0.8072509765625,-0.6728477478027344,-0.5544654130935669,-0.004171597771346569,0.1101953387260437,D5,True,"[192, 192, 192]","[24, 456, 487]","[12, 12, 12]",last_transformer_decoder_layer,mean_all_heads,current_organ_query,"patch-local softmax cross-attention, upsampled and Gaussian fused","[{""decoder_stage"": ""D1"", ""stage_number"": 1, ""model_output_list_index"": 4, ""internal_stage_index"": 0, ""encoder_skip_index"": 4, ""upsampling_order"": 1, ""is_final_output"": false, ""raw_shape"": [12, 12, 12], ""aligned_shape"": [24, 456, 487]}, {""decoder_stage"": ""D2"", ""stage_number"": 2, ""model_output_list_index"": 3, ""internal_stage_index"": 1, ""encoder_skip_index"": 3, ""upsampling_order"": 2, ""is_final_output"": false, ""raw_shape"": [24, 24, 24], ""aligned_shape"": [24, 456, 487]}, {""decoder_stage"": ""D3"", ""stage_number"": 3, ""model_output_list_index"": 2, ""internal_stage_index"": 2, ""encoder_skip_index"": 2, ""upsampling_order"": 3, ""is_final_output"": false, ""raw_shape"": [48, 48, 48], ""aligned_shape"": [24, 456, 487]}, {""decoder_stage"": ""D4"", ""stage_number"": 4, ""model_output_list_index"": 1, ""internal_stage_index"": 3, ""encoder_skip_index"": 1, ""upsampling_order"": 4, ""is_final_output"": false, ""raw_shape"": [96, 96, 96], ""aligned_shape"": [24, 456, 487]}, {""decoder_stage"": ""D5"", ""stage_number"": 5, ""model_output_list_index"": 0, ""internal_stage_index"": 4, ""encoder_skip_index"": 0, ""upsampling_order"": 5, ""is_final_output"": true, ""raw_shape"": [192, 192, 192], ""aligned_shape"": [24, 456, 487]}]","{""D1"": ""patch_upsampled_then_sliding_window_gaussian_fused_full_volume"", ""D2"": ""patch_upsampled_then_sliding_window_gaussian_fused_full_volume"", ""D3"": ""patch_upsampled_then_sliding_window_gaussian_fused_full_volume"", ""D4"": ""patch_upsampled_then_sliding_window_gaussian_fused_full_volume"", ""D5"": ""final_output_sliding_window_gaussian_fused_full_volume""}",10,"[0.7345430254936218, 0.7350015640258789, 0.7499967217445374, 0.7455401420593262, 0.7374054789543152, 0.7386994361877441, 0.7358531951904297, 0.7419715523719788, 0.751777172088623, 0.7495965361595154]","[9.0, 8.0, 1.0, 3.0, 6.0, 5.0, 7.0, 4.0, 0.0, 2.0]","[{""scale"": 1.0, ""offset"": 0.0}, {""scale"": 1.1118695735931396, ""offset"": 0.044351041316986084}, {""scale"": 1.0819752216339111, ""offset"": 0.10011642426252365}, {""scale"": 0.9468082785606384, ""offset"": 0.0735953152179718}, {""scale"": 0.9674914479255676, ""offset"": -0.02767578512430191}, {""scale"": 0.9564691185951233, ""offset"": 0.05178204923868179}, {""scale"": 0.8548049330711365, ""offset"": -0.04294867813587189}, {""scale"": 1.1311568021774292, ""offset"": 0.0743621215224266}, {""scale"": 1.0846853256225586, ""offset"": 0.11632465571165085}, {""scale"": 1.084661841392517, ""offset"": 0.09833667427301407}]",90,20
MET_PA25,liver,8,0.751777172088623,0.5,"[24, 456, 487]","[24, 456, 487]","[24, 456, 487]",predictor_crop_to_nonzero_bbox_padding_removed,none_same_size,nearest,gt_background_valid,5329728,5112043,0.008376270532608032,0.0831867903470993,0.0,3.438713711187597e-24,8.442562673740823e-18,5.1014264812465626e-08,1.4378650803337223e-06,5.298943506204523e-05,0.9999306201934814,5112043,0.0004588460724335164,0.0003871918888762593,3.836291944026016e-05,0.00010621657565934584,0.00023290718672797084,0.000487494224216789,0.0005878983065485954,0.0007169466698542237,0.015614726580679417,5112043,0.5054876208305359,0.2879520356655121,0.0,0.04905468970537186,0.255839467048645,0.5117915272712708,0.754207968711853,0.9484010934829712,1.0,5112043,0.025845587253570557,0.4408033788204193,-0.9794505834579468,-0.6942009925842285,-0.3360365033149719,0.024432212114334106,0.3619210124015808,0.7288190126419067,0.989387571811676,D5,True,"[192, 192, 192]","[24, 456, 487]","[12, 12, 12]",last_transformer_decoder_layer,mean_all_heads,current_organ_query,"patch-local softmax cross-attention, upsampled and Gaussian fused","[{""decoder_stage"": ""D1"", ""stage_number"": 1, ""model_output_list_index"": 4, ""internal_stage_index"": 0, ""encoder_skip_index"": 4, ""upsampling_order"": 1, ""is_final_output"": false, ""raw_shape"": [12, 12, 12], ""aligned_shape"": [24, 456, 487]}, {""decoder_stage"": ""D2"", ""stage_number"": 2, ""model_output_list_index"": 3, ""internal_stage_index"": 1, ""encoder_skip_index"": 3, ""upsampling_order"": 2, ""is_final_output"": false, ""raw_shape"": [24, 24, 24], ""aligned_shape"": [24, 456, 487]}, {""decoder_stage"": ""D3"", ""stage_number"": 3, ""model_output_list_index"": 2, ""internal_stage_index"": 2, ""encoder_skip_index"": 2, ""upsampling_order"": 3, ""is_final_output"": false, ""raw_shape"": [48, 48, 48], ""aligned_shape"": [24, 456, 487]}, {""decoder_stage"": ""D4"", ""stage_number"": 4, ""model_output_list_index"": 1, ""internal_stage_index"": 3, ""encoder_skip_index"": 1, ""upsampling_order"": 4, ""is_final_output"": false, ""raw_shape"": [96, 96, 96], ""aligned_shape"": [24, 456, 487]}, {""decoder_stage"": ""D5"", ""stage_number"": 5, ""model_output_list_index"": 0, ""internal_stage_index"": 4, ""encoder_skip_index"": 0, ""upsampling_order"": 5, ""is_final_output"": true, ""raw_shape"": [192, 192, 192], ""aligned_shape"": [24, 456, 487]}]","{""D1"": ""patch_upsampled_then_sliding_window_gaussian_fused_full_volume"", ""D2"": ""patch_upsampled_then_sliding_window_gaussian_fused_full_volume"", ""D3"": ""patch_upsampled_then_sliding_window_gaussian_fused_full_volume"", ""D4"": ""patch_upsampled_then_sliding_window_gaussian_fused_full_volume"", ""D5"": ""final_output_sliding_window_gaussian_fused_full_volume""}",10,"[0.7345430254936218, 0.7350015640258789, 0.7499967217445374, 0.7455401420593262, 0.7374054789543152, 0.7386994361877441, 0.7358531951904297, 0.7419715523719788, 0.751777172088623, 0.7495965361595154]","[9.0, 8.0, 1.0, 3.0, 6.0, 5.0, 7.0, 4.0, 0.0, 2.0]","[{""scale"": 1.0, ""offset"": 0.0}, {""scale"": 1.1118695735931396, ""offset"": 0.044351041316986084}, {""scale"": 1.0819752216339111, ""offset"": 0.10011642426252365}, {""scale"": 0.9468082785606384, ""offset"": 0.0735953152179718}, {""scale"": 0.9674914479255676, ""offset"": -0.02767578512430191}, {""scale"": 0.9564691185951233, ""offset"": 0.05178204923868179}, {""scale"": 0.8548049330711365, ""offset"": -0.04294867813587189}, {""scale"": 1.1311568021774292, ""offset"": 0.0743621215224266}, {""scale"": 1.0846853256225586, ""offset"": 0.11632465571165085}, {""scale"": 1.084661841392517, ""offset"": 0.09833667427301407}]",90,20
MET_PA25,liver,8,0.751777172088623,0.5,"[24, 456, 487]","[24, 456, 487]","[24, 456, 487]",predictor_crop_to_nonzero_bbox_padding_removed,none_same_size,nearest,TP,5329728,209478,0.9866774678230286,0.050653405487537384,0.5000390410423279,0.9361172318458557,0.9968303442001343,0.999334990978241,0.9997997879981995,0.9999459981918335,0.9999954700469971,209478,0.00036882166750729084,0.0002904764551203698,5.874631824553944e-05,0.00011577962141018361,0.0001701888395473361,0.00028841738821938634,0.0004479499766603112,0.0009436462423764169,0.002083781873807311,209478,0.37508153915405273,0.2759709060192108,0.0035487746354192495,0.06583630293607712,0.17109662294387817,0.3094090223312378,0.42892932891845703,0.9795319437980652,0.9941064715385437,209478,-0.6042729616165161,0.2746846675872803,-0.9832277894020081,-0.9094879627227783,-0.8055464029312134,-0.6705658435821533,-0.5517911314964294,-0.004179912619292736,0.040614306926727295,D5,True,"[192, 192, 192]","[24, 456, 487]","[12, 12, 12]",last_transformer_decoder_layer,mean_all_heads,current_organ_query,"patch-local softmax cross-attention, upsampled and Gaussian fused","[{""decoder_stage"": ""D1"", ""stage_number"": 1, ""model_output_list_index"": 4, ""internal_stage_index"": 0, ""encoder_skip_index"": 4, ""upsampling_order"": 1, ""is_final_output"": false, ""raw_shape"": [12, 12, 12], ""aligned_shape"": [24, 456, 487]}, {""decoder_stage"": ""D2"", ""stage_number"": 2, ""model_output_list_index"": 3, ""internal_stage_index"": 1, ""encoder_skip_index"": 3, ""upsampling_order"": 2, ""is_final_output"": false, ""raw_shape"": [24, 24, 24], ""aligned_shape"": [24, 456, 487]}, {""decoder_stage"": ""D3"", ""stage_number"": 3, ""model_output_list_index"": 2, ""internal_stage_index"": 2, ""encoder_skip_index"": 2, ""upsampling_order"": 3, ""is_final_output"": false, ""raw_shape"": [48, 48, 48], ""aligned_shape"": [24, 456, 487]}, {""decoder_stage"": ""D4"", ""stage_number"": 4, ""model_output_list_index"": 1, ""internal_stage_index"": 3, ""encoder_skip_index"": 1, ""upsampling_order"": 4, ""is_final_output"": false, ""raw_shape"": [96, 96, 96], ""aligned_shape"": [24, 456, 487]}, {""decoder_stage"": ""D5"", ""stage_number"": 5, ""model_output_list_index"": 0, ""internal_stage_index"": 4, ""encoder_skip_index"": 0, ""upsampling_order"": 5, ""is_final_output"": true, ""raw_shape"": [192, 192, 192], ""aligned_shape"": [24, 456, 487]}]","{""D1"": ""patch_upsampled_then_sliding_window_gaussian_fused_full_volume"", ""D2"": ""patch_upsampled_then_sliding_window_gaussian_fused_full_volume"", ""D3"": ""patch_upsampled_then_sliding_window_gaussian_fused_full_volume"", ""D4"": ""patch_upsampled_then_sliding_window_gaussian_fused_full_volume"", ""D5"": ""final_output_sliding_window_gaussian_fused_full_volume""}",10,"[0.7345430254936218, 0.7350015640258789, 0.7499967217445374, 0.7455401420593262, 0.7374054789543152, 0.7386994361877441, 0.7358531951904297, 0.7419715523719788, 0.751777172088623, 0.7495965361595154]","[9.0, 8.0, 1.0, 3.0, 6.0, 5.0, 7.0, 4.0, 0.0, 2.0]","[{""scale"": 1.0, ""offset"": 0.0}, {""scale"": 1.1118695735931396, ""offset"": 0.044351041316986084}, {""scale"": 1.0819752216339111, ""offset"": 0.10011642426252365}, {""scale"": 0.9468082785606384, ""offset"": 0.0735953152179718}, {""scale"": 0.9674914479255676, ""offset"": -0.02767578512430191}, {""scale"": 0.9564691185951233, ""offset"": 0.05178204923868179}, {""scale"": 0.8548049330711365, ""offset"": -0.04294867813587189}, {""scale"": 1.1311568021774292, ""offset"": 0.0743621215224266}, {""scale"": 1.0846853256225586, ""offset"": 0.11632465571165085}, {""scale"": 1.084661841392517, ""offset"": 0.09833667427301407}]",90,20
MET_PA25,liver,8,0.751777172088623,0.5,"[24, 456, 487]","[24, 456, 487]","[24, 456, 487]",predictor_crop_to_nonzero_bbox_padding_removed,none_same_size,nearest,FN,5329728,8207,0.14546345174312592,0.15514402091503143,1.9597395350956504e-07,0.0003141267516184598,0.0095540601760149,0.07858816534280777,0.26465845108032227,0.45252805948257446,0.4997846782207489,8207,0.0002752373111434281,0.00024497380945831537,5.801417864859104e-05,7.19810850569047e-05,0.00014010790619067848,0.00019236987282056361,0.0003079679445363581,0.0007142883841879666,0.0020312934648245573,8207,0.2702583372592926,0.23733502626419067,0.0032536375802010298,0.01150843221694231,0.11616392433643341,0.20522795617580414,0.32519394159317017,0.9469928741455078,0.9938807487487793,8207,-0.6752605438232422,0.2373943328857422,-0.9491705298423767,-0.9289923310279846,-0.8307578563690186,-0.7421923875808716,-0.6220970749855042,-0.0034272968769073486,0.1101953387260437,D5,True,"[192, 192, 192]","[24, 456, 487]","[12, 12, 12]",last_transformer_decoder_layer,mean_all_heads,current_organ_query,"patch-local softmax cross-attention, upsampled and Gaussian fused","[{""decoder_stage"": ""D1"", ""stage_number"": 1, ""model_output_list_index"": 4, ""internal_stage_index"": 0, ""encoder_skip_index"": 4, ""upsampling_order"": 1, ""is_final_output"": false, ""raw_shape"": [12, 12, 12], ""aligned_shape"": [24, 456, 487]}, {""decoder_stage"": ""D2"", ""stage_number"": 2, ""model_output_list_index"": 3, ""internal_stage_index"": 1, ""encoder_skip_index"": 3, ""upsampling_order"": 2, ""is_final_output"": false, ""raw_shape"": [24, 24, 24], ""aligned_shape"": [24, 456, 487]}, {""decoder_stage"": ""D3"", ""stage_number"": 3, ""model_output_list_index"": 2, ""internal_stage_index"": 2, ""encoder_skip_index"": 2, ""upsampling_order"": 3, ""is_final_output"": false, ""raw_shape"": [48, 48, 48], ""aligned_shape"": [24, 456, 487]}, {""decoder_stage"": ""D4"", ""stage_number"": 4, ""model_output_list_index"": 1, ""internal_stage_index"": 3, ""encoder_skip_index"": 1, ""upsampling_order"": 4, ""is_final_output"": false, ""raw_shape"": [96, 96, 96], ""aligned_shape"": [24, 456, 487]}, {""decoder_stage"": ""D5"", ""stage_number"": 5, ""model_output_list_index"": 0, ""internal_stage_index"": 4, ""encoder_skip_index"": 0, ""upsampling_order"": 5, ""is_final_output"": true, ""raw_shape"": [192, 192, 192], ""aligned_shape"": [24, 456, 487]}]","{""D1"": ""patch_upsampled_then_sliding_window_gaussian_fused_full_volume"", ""D2"": ""patch_upsampled_then_sliding_window_gaussian_fused_full_volume"", ""D3"": ""patch_upsampled_then_sliding_window_gaussian_fused_full_volume"", ""D4"": ""patch_upsampled_then_sliding_window_gaussian_fused_full_volume"", ""D5"": ""final_output_sliding_window_gaussian_fused_full_volume""}",10,"[0.7345430254936218, 0.7350015640258789, 0.7499967217445374, 0.7455401420593262, 0.7374054789543152, 0.7386994361877441, 0.7358531951904297, 0.7419715523719788, 0.751777172088623, 0.7495965361595154]","[9.0, 8.0, 1.0, 3.0, 6.0, 5.0, 7.0, 4.0, 0.0, 2.0]","[{""scale"": 1.0, ""offset"": 0.0}, {""scale"": 1.1118695735931396, ""offset"": 0.044351041316986084}, {""scale"": 1.0819752216339111, ""offset"": 0.10011642426252365}, {""scale"": 0.9468082785606384, ""offset"": 0.0735953152179718}, {""scale"": 0.9674914479255676, ""offset"": -0.02767578512430191}, {""scale"": 0.9564691185951233, ""offset"": 0.05178204923868179}, {""scale"": 0.8548049330711365, ""offset"": -0.04294867813587189}, {""scale"": 1.1311568021774292, ""offset"": 0.0743621215224266}, {""scale"": 1.0846853256225586, ""offset"": 0.11632465571165085}, {""scale"": 1.084661841392517, ""offset"": 0.09833667427301407}]",90,20
MET_PA25,liver,8,0.751777172088623,0.5,"[24, 456, 487]","[24, 456, 487]","[24, 456, 487]",predictor_crop_to_nonzero_bbox_padding_removed,none_same_size,nearest,FP,5329728,41852,0.8957710862159729,0.13701806962490082,0.5000203251838684,0.5792027115821838,0.8365669250488281,0.9689537286758423,0.9937114119529724,0.9990102648735046,0.9999306201934814,41852,0.00032021102379076183,0.0002510425401851535,5.853373295394704e-05,8.534084190614522e-05,0.000138128234539181,0.00023396512551698834,0.00042585760820657015,0.0008092789794318378,0.0020375149324536324,41852,0.33493390679359436,0.29129984974861145,0.0034658436197787523,0.023335294798016548,0.11217549443244934,0.2569933533668518,0.41045039892196655,0.9722055792808533,0.9939094185829163,41852,-0.6268102526664734,0.2906939387321472,-0.9794505834579468,-0.9388394355773926,-0.8482391834259033,-0.7041417360305786,-0.5502017140388489,0.005643037147819996,0.04094862937927246,D5,True,"[192, 192, 192]","[24, 456, 487]","[12, 12, 12]",last_transformer_decoder_layer,mean_all_heads,current_organ_query,"patch-local softmax cross-attention, upsampled and Gaussian fused","[{""decoder_stage"": ""D1"", ""stage_number"": 1, ""model_output_list_index"": 4, ""internal_stage_index"": 0, ""encoder_skip_index"": 4, ""upsampling_order"": 1, ""is_final_output"": false, ""raw_shape"": [12, 12, 12], ""aligned_shape"": [24, 456, 487]}, {""decoder_stage"": ""D2"", ""stage_number"": 2, ""model_output_list_index"": 3, ""internal_stage_index"": 1, ""encoder_skip_index"": 3, ""upsampling_order"": 2, ""is_final_output"": false, ""raw_shape"": [24, 24, 24], ""aligned_shape"": [24, 456, 487]}, {""decoder_stage"": ""D3"", ""stage_number"": 3, ""model_output_list_index"": 2, ""internal_stage_index"": 2, ""encoder_skip_index"": 2, ""upsampling_order"": 3, ""is_final_output"": false, ""raw_shape"": [48, 48, 48], ""aligned_shape"": [24, 456, 487]}, {""decoder_stage"": ""D4"", ""stage_number"": 4, ""model_output_list_index"": 1, ""internal_stage_index"": 3, ""encoder_skip_index"": 1, ""upsampling_order"": 4, ""is_final_output"": false, ""raw_shape"": [96, 96, 96], ""aligned_shape"": [24, 456, 487]}, {""decoder_stage"": ""D5"", ""stage_number"": 5, ""model_output_list_index"": 0, ""internal_stage_index"": 4, ""encoder_skip_index"": 0, ""upsampling_order"": 5, ""is_final_output"": true, ""raw_shape"": [192, 192, 192], ""aligned_shape"": [24, 456, 487]}]","{""D1"": ""patch_upsampled_then_sliding_window_gaussian_fused_full_volume"", ""D2"": ""patch_upsampled_then_sliding_window_gaussian_fused_full_volume"", ""D3"": ""patch_upsampled_then_sliding_window_gaussian_fused_full_volume"", ""D4"": ""patch_upsampled_then_sliding_window_gaussian_fused_full_volume"", ""D5"": ""final_output_sliding_window_gaussian_fused_full_volume""}",10,"[0.7345430254936218, 0.7350015640258789, 0.7499967217445374, 0.7455401420593262, 0.7374054789543152, 0.7386994361877441, 0.7358531951904297, 0.7419715523719788, 0.751777172088623, 0.7495965361595154]","[9.0, 8.0, 1.0, 3.0, 6.0, 5.0, 7.0, 4.0, 0.0, 2.0]","[{""scale"": 1.0, ""offset"": 0.0}, {""scale"": 1.1118695735931396, ""offset"": 0.044351041316986084}, {""scale"": 1.0819752216339111, ""offset"": 0.10011642426252365}, {""scale"": 0.9468082785606384, ""offset"": 0.0735953152179718}, {""scale"": 0.9674914479255676, ""offset"": -0.02767578512430191}, {""scale"": 0.9564691185951233, ""offset"": 0.05178204923868179}, {""scale"": 0.8548049330711365, ""offset"": -0.04294867813587189}, {""scale"": 1.1311568021774292, ""offset"": 0.0743621215224266}, {""scale"": 1.0846853256225586, ""offset"": 0.11632465571165085}, {""scale"": 1.084661841392517, ""offset"": 0.09833667427301407}]",90,20
MET_PA25,liver,8,0.751777172088623,0.5,"[24, 456, 487]","[24, 456, 487]","[24, 456, 487]",predictor_crop_to_nonzero_bbox_padding_removed,none_same_size,nearest,TN,5329728,5070191,0.0010512515436857939,0.016381535679101944,0.0,3.2234840572507173e-24,7.692775560840095e-18,4.618434346070899e-08,1.3428502825263422e-06,3.6508099583443254e-05,0.4999583959579468,5070191,0.0004599904059432447,0.0003879109281115234,3.836291944026016e-05,0.00010646616283338517,0.00023486788268201053,0.0004884054651483893,0.0005882124532945454,0.0007163436384871602,0.015614726580679417,5070191,0.5068954825401306,0.28750351071357727,0.0,0.049441274255514145,0.2579834759235382,0.5141429305076599,0.7550370693206787,0.9480880498886108,1.0,5070191,0.03123294934630394,0.4378000497817993,-0.9480183124542236,-0.6804782748222351,-0.3313360810279846,0.031859517097473145,0.364481657743454,0.7299783229827881,0.989387571811676,D5,True,"[192, 192, 192]","[24, 456, 487]","[12, 12, 12]",last_transformer_decoder_layer,mean_all_heads,current_organ_query,"patch-local softmax cross-attention, upsampled and Gaussian fused","[{""decoder_stage"": ""D1"", ""stage_number"": 1, ""model_output_list_index"": 4, ""internal_stage_index"": 0, ""encoder_skip_index"": 4, ""upsampling_order"": 1, ""is_final_output"": false, ""raw_shape"": [12, 12, 12], ""aligned_shape"": [24, 456, 487]}, {""decoder_stage"": ""D2"", ""stage_number"": 2, ""model_output_list_index"": 3, ""internal_stage_index"": 1, ""encoder_skip_index"": 3, ""upsampling_order"": 2, ""is_final_output"": false, ""raw_shape"": [24, 24, 24], ""aligned_shape"": [24, 456, 487]}, {""decoder_stage"": ""D3"", ""stage_number"": 3, ""model_output_list_index"": 2, ""internal_stage_index"": 2, ""encoder_skip_index"": 2, ""upsampling_order"": 3, ""is_final_output"": false, ""raw_shape"": [48, 48, 48], ""aligned_shape"": [24, 456, 487]}, {""decoder_stage"": ""D4"", ""stage_number"": 4, ""model_output_list_index"": 1, ""internal_stage_index"": 3, ""encoder_skip_index"": 1, ""upsampling_order"": 4, ""is_final_output"": false, ""raw_shape"": [96, 96, 96], ""aligned_shape"": [24, 456, 487]}, {""decoder_stage"": ""D5"", ""stage_number"": 5, ""model_output_list_index"": 0, ""internal_stage_index"": 4, ""encoder_skip_index"": 0, ""upsampling_order"": 5, ""is_final_output"": true, ""raw_shape"": [192, 192, 192], ""aligned_shape"": [24, 456, 487]}]","{""D1"": ""patch_upsampled_then_sliding_window_gaussian_fused_full_volume"", ""D2"": ""patch_upsampled_then_sliding_window_gaussian_fused_full_volume"", ""D3"": ""patch_upsampled_then_sliding_window_gaussian_fused_full_volume"", ""D4"": ""patch_upsampled_then_sliding_window_gaussian_fused_full_volume"", ""D5"": ""final_output_sliding_window_gaussian_fused_full_volume""}",10,"[0.7345430254936218, 0.7350015640258789, 0.7499967217445374, 0.7455401420593262, 0.7374054789543152, 0.7386994361877441, 0.7358531951904297, 0.7419715523719788, 0.751777172088623, 0.7495965361595154]","[9.0, 8.0, 1.0, 3.0, 6.0, 5.0, 7.0, 4.0, 0.0, 2.0]","[{""scale"": 1.0, ""offset"": 0.0}, {""scale"": 1.1118695735931396, ""offset"": 0.044351041316986084}, {""scale"": 1.0819752216339111, ""offset"": 0.10011642426252365}, {""scale"": 0.9468082785606384, ""offset"": 0.0735953152179718}, {""scale"": 0.9674914479255676, ""offset"": -0.02767578512430191}, {""scale"": 0.9564691185951233, ""offset"": 0.05178204923868179}, {""scale"": 0.8548049330711365, ""offset"": -0.04294867813587189}, {""scale"": 1.1311568021774292, ""offset"": 0.0743621215224266}, {""scale"": 1.0846853256225586, ""offset"": 0.11632465571165085}, {""scale"": 1.084661841392517, ""offset"": 0.09833667427301407}]",90,20
HCC_10081574_20140213,liver,1,0.7740338444709778,0.5,"[25, 364, 476]","[25, 364, 476]","[25, 364, 476]",predictor_crop_to_nonzero_bbox_padding_removed,none_same_size,nearest,valid,4331600,4331600,0.07224293798208237,0.2516833543777466,0.0,2.1422596402045432e-26,5.964145621817352e-09,4.066102974320529e-07,1.7344482330372557e-05,0.9968429803848267,0.9999971389770508,4331600,0.0003484080662019551,0.00021183675562497228,1.9256889572716318e-05,0.00010144969564862549,0.00017970436601899564,0.0003013978130184114,0.0004972531460225582,0.0006643307278864086,0.002938601654022932,4331600,0.5,0.2886751890182495,0.0,0.05000000074505806,0.25,0.4999999403953552,0.75,0.949999988079071,1.0,4331600,1.8036060422943478e-09,0.4631756544113159,-0.9261134266853333,-0.7260730266571045,-0.37450292706489563,-0.01708303391933441,0.36926785111427307,0.7729138731956482,0.987274169921875,D5,True,"[192, 192, 192]","[25, 364, 476]","[12, 12, 12]",last_transformer_decoder_layer,mean_all_heads,current_organ_query,"patch-local softmax cross-attention, upsampled and Gaussian fused","[{""decoder_stage"": ""D1"", ""stage_number"": 1, ""model_output_list_index"": 4, ""internal_stage_index"": 0, ""encoder_skip_index"": 4, ""upsampling_order"": 1, ""is_final_output"": false, ""raw_shape"": [12, 12, 12], ""aligned_shape"": [25, 364, 476]}, {""decoder_stage"": ""D2"", ""stage_number"": 2, ""model_output_list_index"": 3, ""internal_stage_index"": 1, ""encoder_skip_index"": 3, ""upsampling_order"": 2, ""is_final_output"": false, ""raw_shape"": [24, 24, 24], ""aligned_shape"": [25, 364, 476]}, {""decoder_stage"": ""D3"", ""stage_number"": 3, ""model_output_list_index"": 2, ""internal_stage_index"": 2, ""encoder_skip_index"": 2, ""upsampling_order"": 3, ""is_final_output"": false, ""raw_shape"": [48, 48, 48], ""aligned_shape"": [25, 364, 476]}, {""decoder_stage"": ""D4"", ""stage_number"": 4, ""model_output_list_index"": 1, ""internal_stage_index"": 3, ""encoder_skip_index"": 1, ""upsampling_order"": 4, ""is_final_output"": false, ""raw_shape"": [96, 96, 96], ""aligned_shape"": [25, 364, 476]}, {""decoder_stage"": ""D5"", ""stage_number"": 5, ""model_output_list_index"": 0, ""internal_stage_index"": 4, ""encoder_skip_index"": 0, ""upsampling_order"": 5, ""is_final_output"": true, ""raw_shape"": [192, 192, 192], ""aligned_shape"": [25, 364, 476]}]","{""D1"": ""patch_upsampled_then_sliding_window_gaussian_fused_full_volume"", ""D2"": ""patch_upsampled_then_sliding_window_gaussian_fused_full_volume"", ""D3"": ""patch_upsampled_then_sliding_window_gaussian_fused_full_volume"", ""D4"": ""patch_upsampled_then_sliding_window_gaussian_fused_full_volume"", ""D5"": ""final_output_sliding_window_gaussian_fused_full_volume""}",10,"[0.7640495300292969, 0.7740338444709778, 0.7631022334098816, 0.765355110168457, 0.7692409157752991, 0.7711763381958008, 0.7656503319740295, 0.7700045704841614, 0.7700510025024414, 0.7610557675361633]","[7.0, 0.0, 8.0, 6.0, 4.0, 1.0, 5.0, 3.0, 2.0, 9.0]","[{""scale"": 1.0, ""offset"": 0.0}, {""scale"": 0.8716461658477783, ""offset"": -0.1316210925579071}, {""scale"": 1.0864286422729492, ""offset"": 0.012216979637742043}, {""scale"": 1.0669336318969727, ""offset"": -0.016642017289996147}, {""scale"": 1.1078355312347412, ""offset"": -0.08121056854724884}, {""scale"": 1.0202220678329468, ""offset"": -0.10369565337896347}, {""scale"": 0.8724583387374878, ""offset"": -0.017221856862306595}, {""scale"": 0.9076048731803894, ""offset"": -0.07594656944274902}, {""scale"": 1.076099157333374, ""offset"": -0.09122942388057709}, {""scale"": 1.043601632118225, ""offset"": 0.030359530821442604}]",60,12
HCC_10081574_20140213,liver,1,0.7740338444709778,0.5,"[25, 364, 476]","[25, 364, 476]","[25, 364, 476]",predictor_crop_to_nonzero_bbox_padding_removed,none_same_size,nearest,gt_foreground,4331600,260574,0.9526891708374023,0.17753946781158447,3.1615913030691445e-05,0.634468138217926,0.9980096220970154,0.9995378255844116,0.9998171925544739,0.9999419450759888,0.9999971389770508,260574,0.000369416200555861,0.0002765418903436512,7.773231482133269e-05,0.00012160956248408183,0.0001782209292287007,0.0002720925258472562,0.00046346336603164673,0.0009620065102353692,0.002262991154566407,260574,0.49325037002563477,0.2871706187725067,0.019267480820417404,0.0958743616938591,0.2463253140449524,0.4526710510253906,0.7069626450538635,0.9888043999671936,0.9998478889465332,260574,-0.4743095934391022,0.28126680850982666,-0.9196298718452454,-0.8517161011695862,-0.7197253704071045,-0.5177726149559021,-0.2659424841403961,0.013709688559174538,0.10946077108383179,D5,True,"[192, 192, 192]","[25, 364, 476]","[12, 12, 12]",last_transformer_decoder_layer,mean_all_heads,current_organ_query,"patch-local softmax cross-attention, upsampled and Gaussian fused","[{""decoder_stage"": ""D1"", ""stage_number"": 1, ""model_output_list_index"": 4, ""internal_stage_index"": 0, ""encoder_skip_index"": 4, ""upsampling_order"": 1, ""is_final_output"": false, ""raw_shape"": [12, 12, 12], ""aligned_shape"": [25, 364, 476]}, {""decoder_stage"": ""D2"", ""stage_number"": 2, ""model_output_list_index"": 3, ""internal_stage_index"": 1, ""encoder_skip_index"": 3, ""upsampling_order"": 2, ""is_final_output"": false, ""raw_shape"": [24, 24, 24], ""aligned_shape"": [25, 364, 476]}, {""decoder_stage"": ""D3"", ""stage_number"": 3, ""model_output_list_index"": 2, ""internal_stage_index"": 2, ""encoder_skip_index"": 2, ""upsampling_order"": 3, ""is_final_output"": false, ""raw_shape"": [48, 48, 48], ""aligned_shape"": [25, 364, 476]}, {""decoder_stage"": ""D4"", ""stage_number"": 4, ""model_output_list_index"": 1, ""internal_stage_index"": 3, ""encoder_skip_index"": 1, ""upsampling_order"": 4, ""is_final_output"": false, ""raw_shape"": [96, 96, 96], ""aligned_shape"": [25, 364, 476]}, {""decoder_stage"": ""D5"", ""stage_number"": 5, ""model_output_list_index"": 0, ""internal_stage_index"": 4, ""encoder_skip_index"": 0, ""upsampling_order"": 5, ""is_final_output"": true, ""raw_shape"": [192, 192, 192], ""aligned_shape"": [25, 364, 476]}]","{""D1"": ""patch_upsampled_then_sliding_window_gaussian_fused_full_volume"", ""D2"": ""patch_upsampled_then_sliding_window_gaussian_fused_full_volume"", ""D3"": ""patch_upsampled_then_sliding_window_gaussian_fused_full_volume"", ""D4"": ""patch_upsampled_then_sliding_window_gaussian_fused_full_volume"", ""D5"": ""final_output_sliding_window_gaussian_fused_full_volume""}",10,"[0.7640495300292969, 0.7740338444709778, 0.7631022334098816, 0.765355110168457, 0.7692409157752991, 0.7711763381958008, 0.7656503319740295, 0.7700045704841614, 0.7700510025024414, 0.7610557675361633]","[7.0, 0.0, 8.0, 6.0, 4.0, 1.0, 5.0, 3.0, 2.0, 9.0]","[{""scale"": 1.0, ""offset"": 0.0}, {""scale"": 0.8716461658477783, ""offset"": -0.1316210925579071}, {""scale"": 1.0864286422729492, ""offset"": 0.012216979637742043}, {""scale"": 1.0669336318969727, ""offset"": -0.016642017289996147}, {""scale"": 1.1078355312347412, ""offset"": -0.08121056854724884}, {""scale"": 1.0202220678329468, ""offset"": -0.10369565337896347}, {""scale"": 0.8724583387374878, ""offset"": -0.017221856862306595}, {""scale"": 0.9076048731803894, ""offset"": -0.07594656944274902}, {""scale"": 1.076099157333374, ""offset"": -0.09122942388057709}, {""scale"": 1.043601632118225, ""offset"": 0.030359530821442604}]",60,12
HCC_10081574_20140213,liver,1,0.7740338444709778,0.5,"[25, 364, 476]","[25, 364, 476]","[25, 364, 476]",predictor_crop_to_nonzero_bbox_padding_removed,none_same_size,nearest,gt_background_valid,4331600,4071026,0.01588824950158596,0.11219782382249832,0.0,1.196873169873732e-26,3.961649674977252e-09,2.66489081468535e-07,8.076349331531674e-06,0.002603882923722267,0.9999521970748901,4071026,0.00034706341102719307,0.00020693500118795782,1.9256889572716318e-05,0.0001001163327600807,0.00017982901772484183,0.00030346165294758976,0.0004986858693882823,0.0006601024651899934,0.002938601654022932,4071026,0.500432014465332,0.2887658476829529,0.0,0.04747219383716583,0.2503030002117157,0.503174364566803,0.7518541812896729,0.945419430732727,1.0,4071026,0.030359115451574326,0.4559366703033447,-0.9261134266853333,-0.6951558589935303,-0.33290785551071167,0.013909921050071716,0.3957829475402832,0.7795439958572388,0.987274169921875,D5,True,"[192, 192, 192]","[25, 364, 476]","[12, 12, 12]",last_transformer_decoder_layer,mean_all_heads,current_organ_query,"patch-local softmax cross-attention, upsampled and Gaussian fused","[{""decoder_stage"": ""D1"", ""stage_number"": 1, ""model_output_list_index"": 4, ""internal_stage_index"": 0, ""encoder_skip_index"": 4, ""upsampling_order"": 1, ""is_final_output"": false, ""raw_shape"": [12, 12, 12], ""aligned_shape"": [25, 364, 476]}, {""decoder_stage"": ""D2"", ""stage_number"": 2, ""model_output_list_index"": 3, ""internal_stage_index"": 1, ""encoder_skip_index"": 3, ""upsampling_order"": 2, ""is_final_output"": false, ""raw_shape"": [24, 24, 24], ""aligned_shape"": [25, 364, 476]}, {""decoder_stage"": ""D3"", ""stage_number"": 3, ""model_output_list_index"": 2, ""internal_stage_index"": 2, ""encoder_skip_index"": 2, ""upsampling_order"": 3, ""is_final_output"": false, ""raw_shape"": [48, 48, 48], ""aligned_shape"": [25, 364, 476]}, {""decoder_stage"": ""D4"", ""stage_number"": 4, ""model_output_list_index"": 1, ""internal_stage_index"": 3, ""encoder_skip_index"": 1, ""upsampling_order"": 4, ""is_final_output"": false, ""raw_shape"": [96, 96, 96], ""aligned_shape"": [25, 364, 476]}, {""decoder_stage"": ""D5"", ""stage_number"": 5, ""model_output_list_index"": 0, ""internal_stage_index"": 4, ""encoder_skip_index"": 0, ""upsampling_order"": 5, ""is_final_output"": true, ""raw_shape"": [192, 192, 192], ""aligned_shape"": [25, 364, 476]}]","{""D1"": ""patch_upsampled_then_sliding_window_gaussian_fused_full_volume"", ""D2"": ""patch_upsampled_then_sliding_window_gaussian_fused_full_volume"", ""D3"": ""patch_upsampled_then_sliding_window_gaussian_fused_full_volume"", ""D4"": ""patch_upsampled_then_sliding_window_gaussian_fused_full_volume"", ""D5"": ""final_output_sliding_window_gaussian_fused_full_volume""}",10,"[0.7640495300292969, 0.7740338444709778, 0.7631022334098816, 0.765355110168457, 0.7692409157752991, 0.7711763381958008, 0.7656503319740295, 0.7700045704841614, 0.7700510025024414, 0.7610557675361633]","[7.0, 0.0, 8.0, 6.0, 4.0, 1.0, 5.0, 3.0, 2.0, 9.0]","[{""scale"": 1.0, ""offset"": 0.0}, {""scale"": 0.8716461658477783, ""offset"": -0.1316210925579071}, {""scale"": 1.0864286422729492, ""offset"": 0.012216979637742043}, {""scale"": 1.0669336318969727, ""offset"": -0.016642017289996147}, {""scale"": 1.1078355312347412, ""offset"": -0.08121056854724884}, {""scale"": 1.0202220678329468, ""offset"": -0.10369565337896347}, {""scale"": 0.8724583387374878, ""offset"": -0.017221856862306595}, {""scale"": 0.9076048731803894, ""offset"": -0.07594656944274902}, {""scale"": 1.076099157333374, ""offset"": -0.09122942388057709}, {""scale"": 1.043601632118225, ""offset"": 0.030359530821442604}]",60,12
HCC_10081574_20140213,liver,1,0.7740338444709778,0.5,"[25, 364, 476]","[25, 364, 476]","[25, 364, 476]",predictor_crop_to_nonzero_bbox_padding_removed,none_same_size,nearest,TP,4331600,249504,0.9878720045089722,0.05235050246119499,0.5000966191291809,0.9481856226921082,0.9984884262084961,0.9995738863945007,0.9998250603675842,0.9999431371688843,0.9999971389770508,249504,0.0003745898138731718,0.00027789766318164766,8.25078459456563e-05,0.00012534300913102925,0.00018252580775879323,0.00027791736647486687,0.0004675468080677092,0.0009708378347568214,0.002262991154566407,249504,0.5009787082672119,0.2842645049095154,0.022608624771237373,0.10593186318874359,0.25701189041137695,0.4624677300453186,0.7121450304985046,0.9890910387039185,0.9998478889465332,249504,-0.46884655952453613,0.27937957644462585,-0.9196298718452454,-0.847750186920166,-0.71042799949646,-0.5099289417266846,-0.26170575618743896,0.013429760932922363,0.06849390268325806,D5,True,"[192, 192, 192]","[25, 364, 476]","[12, 12, 12]",last_transformer_decoder_layer,mean_all_heads,current_organ_query,"patch-local softmax cross-attention, upsampled and Gaussian fused","[{""decoder_stage"": ""D1"", ""stage_number"": 1, ""model_output_list_index"": 4, ""internal_stage_index"": 0, ""encoder_skip_index"": 4, ""upsampling_order"": 1, ""is_final_output"": false, ""raw_shape"": [12, 12, 12], ""aligned_shape"": [25, 364, 476]}, {""decoder_stage"": ""D2"", ""stage_number"": 2, ""model_output_list_index"": 3, ""internal_stage_index"": 1, ""encoder_skip_index"": 3, ""upsampling_order"": 2, ""is_final_output"": false, ""raw_shape"": [24, 24, 24], ""aligned_shape"": [25, 364, 476]}, {""decoder_stage"": ""D3"", ""stage_number"": 3, ""model_output_list_index"": 2, ""internal_stage_index"": 2, ""encoder_skip_index"": 2, ""upsampling_order"": 3, ""is_final_output"": false, ""raw_shape"": [48, 48, 48], ""aligned_shape"": [25, 364, 476]}, {""decoder_stage"": ""D4"", ""stage_number"": 4, ""model_output_list_index"": 1, ""internal_stage_index"": 3, ""encoder_skip_index"": 1, ""upsampling_order"": 4, ""is_final_output"": false, ""raw_shape"": [96, 96, 96], ""aligned_shape"": [25, 364, 476]}, {""decoder_stage"": ""D5"", ""stage_number"": 5, ""model_output_list_index"": 0, ""internal_stage_index"": 4, ""encoder_skip_index"": 0, ""upsampling_order"": 5, ""is_final_output"": true, ""raw_shape"": [192, 192, 192], ""aligned_shape"": [25, 364, 476]}]","{""D1"": ""patch_upsampled_then_sliding_window_gaussian_fused_full_volume"", ""D2"": ""patch_upsampled_then_sliding_window_gaussian_fused_full_volume"", ""D3"": ""patch_upsampled_then_sliding_window_gaussian_fused_full_volume"", ""D4"": ""patch_upsampled_then_sliding_window_gaussian_fused_full_volume"", ""D5"": ""final_output_sliding_window_gaussian_fused_full_volume""}",10,"[0.7640495300292969, 0.7740338444709778, 0.7631022334098816, 0.765355110168457, 0.7692409157752991, 0.7711763381958008, 0.7656503319740295, 0.7700045704841614, 0.7700510025024414, 0.7610557675361633]","[7.0, 0.0, 8.0, 6.0, 4.0, 1.0, 5.0, 3.0, 2.0, 9.0]","[{""scale"": 1.0, ""offset"": 0.0}, {""scale"": 0.8716461658477783, ""offset"": -0.1316210925579071}, {""scale"": 1.0864286422729492, ""offset"": 0.012216979637742043}, {""scale"": 1.0669336318969727, ""offset"": -0.016642017289996147}, {""scale"": 1.1078355312347412, ""offset"": -0.08121056854724884}, {""scale"": 1.0202220678329468, ""offset"": -0.10369565337896347}, {""scale"": 0.8724583387374878, ""offset"": -0.017221856862306595}, {""scale"": 0.9076048731803894, ""offset"": -0.07594656944274902}, {""scale"": 1.076099157333374, ""offset"": -0.09122942388057709}, {""scale"": 1.043601632118225, ""offset"": 0.030359530821442604}]",60,12
HCC_10081574_20140213,liver,1,0.7740338444709778,0.5,"[25, 364, 476]","[25, 364, 476]","[25, 364, 476]",predictor_crop_to_nonzero_bbox_padding_removed,none_same_size,nearest,FN,4331600,11070,0.1597113162279129,0.15318463742733002,3.1615913030691445e-05,0.002760930685326457,0.02247299626469612,0.10322535783052444,0.2777117192745209,0.4553987383842468,0.49999427795410156,11070,0.000252809637458995,0.00021291566372383386,7.773231482133269e-05,9.495820268057287e-05,0.000116554947453551,0.0001551408931845799,0.00028948450926691294,0.0007335834088735282,0.0013995097251608968,11070,0.31906256079673767,0.29699987173080444,0.019267480820417404,0.038089778274297714,0.08288872987031937,0.1874755173921585,0.48133838176727295,0.9782660007476807,0.9970412850379944,11070,-0.5974399447441101,0.2951691448688507,-0.9040296673774719,-0.8790671229362488,-0.831591010093689,-0.730760395526886,-0.4379284381866455,0.053374260663986206,0.10946077108383179,D5,True,"[192, 192, 192]","[25, 364, 476]","[12, 12, 12]",last_transformer_decoder_layer,mean_all_heads,current_organ_query,"patch-local softmax cross-attention, upsampled and Gaussian fused","[{""decoder_stage"": ""D1"", ""stage_number"": 1, ""model_output_list_index"": 4, ""internal_stage_index"": 0, ""encoder_skip_index"": 4, ""upsampling_order"": 1, ""is_final_output"": false, ""raw_shape"": [12, 12, 12], ""aligned_shape"": [25, 364, 476]}, {""decoder_stage"": ""D2"", ""stage_number"": 2, ""model_output_list_index"": 3, ""internal_stage_index"": 1, ""encoder_skip_index"": 3, ""upsampling_order"": 2, ""is_final_output"": false, ""raw_shape"": [24, 24, 24], ""aligned_shape"": [25, 364, 476]}, {""decoder_stage"": ""D3"", ""stage_number"": 3, ""model_output_list_index"": 2, ""internal_stage_index"": 2, ""encoder_skip_index"": 2, ""upsampling_order"": 3, ""is_final_output"": false, ""raw_shape"": [48, 48, 48], ""aligned_shape"": [25, 364, 476]}, {""decoder_stage"": ""D4"", ""stage_number"": 4, ""model_output_list_index"": 1, ""internal_stage_index"": 3, ""encoder_skip_index"": 1, ""upsampling_order"": 4, ""is_final_output"": false, ""raw_shape"": [96, 96, 96], ""aligned_shape"": [25, 364, 476]}, {""decoder_stage"": ""D5"", ""stage_number"": 5, ""model_output_list_index"": 0, ""internal_stage_index"": 4, ""encoder_skip_index"": 0, ""upsampling_order"": 5, ""is_final_output"": true, ""raw_shape"": [192, 192, 192], ""aligned_shape"": [25, 364, 476]}]","{""D1"": ""patch_upsampled_then_sliding_window_gaussian_fused_full_volume"", ""D2"": ""patch_upsampled_then_sliding_window_gaussian_fused_full_volume"", ""D3"": ""patch_upsampled_then_sliding_window_gaussian_fused_full_volume"", ""D4"": ""patch_upsampled_then_sliding_window_gaussian_fused_full_volume"", ""D5"": ""final_output_sliding_window_gaussian_fused_full_volume""}",10,"[0.7640495300292969, 0.7740338444709778, 0.7631022334098816, 0.765355110168457, 0.7692409157752991, 0.7711763381958008, 0.7656503319740295, 0.7700045704841614, 0.7700510025024414, 0.7610557675361633]","[7.0, 0.0, 8.0, 6.0, 4.0, 1.0, 5.0, 3.0, 2.0, 9.0]","[{""scale"": 1.0, ""offset"": 0.0}, {""scale"": 0.8716461658477783, ""offset"": -0.1316210925579071}, {""scale"": 1.0864286422729492, ""offset"": 0.012216979637742043}, {""scale"": 1.0669336318969727, ""offset"": -0.016642017289996147}, {""scale"": 1.1078355312347412, ""offset"": -0.08121056854724884}, {""scale"": 1.0202220678329468, ""offset"": -0.10369565337896347}, {""scale"": 0.8724583387374878, ""offset"": -0.017221856862306595}, {""scale"": 0.9076048731803894, ""offset"": -0.07594656944274902}, {""scale"": 1.076099157333374, ""offset"": -0.09122942388057709}, {""scale"": 1.043601632118225, ""offset"": 0.030359530821442604}]",60,12
HCC_10081574_20140213,liver,1,0.7740338444709778,0.5,"[25, 364, 476]","[25, 364, 476]","[25, 364, 476]",predictor_crop_to_nonzero_bbox_padding_removed,none_same_size,nearest,FP,4331600,61285,0.8903664946556091,0.1425333023071289,0.5000416040420532,0.5687635540962219,0.8220340013504028,0.9679380655288696,0.9943189024925232,0.9989270567893982,0.9999521970748901,61285,0.0004345729248598218,0.0003679814108181745,8.009555313037708e-05,0.00011928450840059668,0.0001798703451640904,0.00028174929320812225,0.0005677762674167752,0.0012477000709623098,0.00226137088611722,61285,0.526603102684021,0.31555038690567017,0.020701361820101738,0.08983089029788971,0.2504012882709503,0.46882039308547974,0.8380355834960938,0.995262622833252,0.9998458027839661,61285,-0.41431736946105957,0.31369391083717346,-0.9261134266853333,-0.8463965654373169,-0.6900755167007446,-0.4716237187385559,-0.10500484704971313,0.05357638746500015,0.07114487886428833,D5,True,"[192, 192, 192]","[25, 364, 476]","[12, 12, 12]",last_transformer_decoder_layer,mean_all_heads,current_organ_query,"patch-local softmax cross-attention, upsampled and Gaussian fused","[{""decoder_stage"": ""D1"", ""stage_number"": 1, ""model_output_list_index"": 4, ""internal_stage_index"": 0, ""encoder_skip_index"": 4, ""upsampling_order"": 1, ""is_final_output"": false, ""raw_shape"": [12, 12, 12], ""aligned_shape"": [25, 364, 476]}, {""decoder_stage"": ""D2"", ""stage_number"": 2, ""model_output_list_index"": 3, ""internal_stage_index"": 1, ""encoder_skip_index"": 3, ""upsampling_order"": 2, ""is_final_output"": false, ""raw_shape"": [24, 24, 24], ""aligned_shape"": [25, 364, 476]}, {""decoder_stage"": ""D3"", ""stage_number"": 3, ""model_output_list_index"": 2, ""internal_stage_index"": 2, ""encoder_skip_index"": 2, ""upsampling_order"": 3, ""is_final_output"": false, ""raw_shape"": [48, 48, 48], ""aligned_shape"": [25, 364, 476]}, {""decoder_stage"": ""D4"", ""stage_number"": 4, ""model_output_list_index"": 1, ""internal_stage_index"": 3, ""encoder_skip_index"": 1, ""upsampling_order"": 4, ""is_final_output"": false, ""raw_shape"": [96, 96, 96], ""aligned_shape"": [25, 364, 476]}, {""decoder_stage"": ""D5"", ""stage_number"": 5, ""model_output_list_index"": 0, ""internal_stage_index"": 4, ""encoder_skip_index"": 0, ""upsampling_order"": 5, ""is_final_output"": true, ""raw_shape"": [192, 192, 192], ""aligned_shape"": [25, 364, 476]}]","{""D1"": ""patch_upsampled_then_sliding_window_gaussian_fused_full_volume"", ""D2"": ""patch_upsampled_then_sliding_window_gaussian_fused_full_volume"", ""D3"": ""patch_upsampled_then_sliding_window_gaussian_fused_full_volume"", ""D4"": ""patch_upsampled_then_sliding_window_gaussian_fused_full_volume"", ""D5"": ""final_output_sliding_window_gaussian_fused_full_volume""}",10,"[0.7640495300292969, 0.7740338444709778, 0.7631022334098816, 0.765355110168457, 0.7692409157752991, 0.7711763381958008, 0.7656503319740295, 0.7700045704841614, 0.7700510025024414, 0.7610557675361633]","[7.0, 0.0, 8.0, 6.0, 4.0, 1.0, 5.0, 3.0, 2.0, 9.0]","[{""scale"": 1.0, ""offset"": 0.0}, {""scale"": 0.8716461658477783, ""offset"": -0.1316210925579071}, {""scale"": 1.0864286422729492, ""offset"": 0.012216979637742043}, {""scale"": 1.0669336318969727, ""offset"": -0.016642017289996147}, {""scale"": 1.1078355312347412, ""offset"": -0.08121056854724884}, {""scale"": 1.0202220678329468, ""offset"": -0.10369565337896347}, {""scale"": 0.8724583387374878, ""offset"": -0.017221856862306595}, {""scale"": 0.9076048731803894, ""offset"": -0.07594656944274902}, {""scale"": 1.076099157333374, ""offset"": -0.09122942388057709}, {""scale"": 1.043601632118225, ""offset"": 0.030359530821442604}]",60,12
HCC_10081574_20140213,liver,1,0.7740338444709778,0.5,"[25, 364, 476]","[25, 364, 476]","[25, 364, 476]",predictor_crop_to_nonzero_bbox_padding_removed,none_same_size,nearest,TN,4331600,4009741,0.0025226993020623922,0.02457086369395256,0.0,1.0237397715930971e-26,3.5629508232659646e-09,2.4116243935168313e-07,6.8009767346666194e-06,0.0008845743141137064,0.4999871253967285,4009741,0.00034572594449855387,0.00020319483883213252,1.9256889572716318e-05,9.987680823542178e-05,0.0001798286975827068,0.00030374163179658353,0.0004981487290933728,0.000658203789498657,0.002938601654022932,4009741,0.5000320076942444,0.2883187532424927,0.0,0.04701981693506241,0.2503018081188202,0.5035951137542725,0.7511726021766663,0.9432673454284668,1.0,4009741,0.03715556487441063,0.4544040560722351,-0.9079171419143677,-0.6878792643547058,-0.3241161108016968,0.020040184259414673,0.40209516882896423,0.7811576128005981,0.987274169921875,D5,True,"[192, 192, 192]","[25, 364, 476]","[12, 12, 12]",last_transformer_decoder_layer,mean_all_heads,current_organ_query,"patch-local softmax cross-attention, upsampled and Gaussian fused","[{""decoder_stage"": ""D1"", ""stage_number"": 1, ""model_output_list_index"": 4, ""internal_stage_index"": 0, ""encoder_skip_index"": 4, ""upsampling_order"": 1, ""is_final_output"": false, ""raw_shape"": [12, 12, 12], ""aligned_shape"": [25, 364, 476]}, {""decoder_stage"": ""D2"", ""stage_number"": 2, ""model_output_list_index"": 3, ""internal_stage_index"": 1, ""encoder_skip_index"": 3, ""upsampling_order"": 2, ""is_final_output"": false, ""raw_shape"": [24, 24, 24], ""aligned_shape"": [25, 364, 476]}, {""decoder_stage"": ""D3"", ""stage_number"": 3, ""model_output_list_index"": 2, ""internal_stage_index"": 2, ""encoder_skip_index"": 2, ""upsampling_order"": 3, ""is_final_output"": false, ""raw_shape"": [48, 48, 48], ""aligned_shape"": [25, 364, 476]}, {""decoder_stage"": ""D4"", ""stage_number"": 4, ""model_output_list_index"": 1, ""internal_stage_index"": 3, ""encoder_skip_index"": 1, ""upsampling_order"": 4, ""is_final_output"": false, ""raw_shape"": [96, 96, 96], ""aligned_shape"": [25, 364, 476]}, {""decoder_stage"": ""D5"", ""stage_number"": 5, ""model_output_list_index"": 0, ""internal_stage_index"": 4, ""encoder_skip_index"": 0, ""upsampling_order"": 5, ""is_final_output"": true, ""raw_shape"": [192, 192, 192], ""aligned_shape"": [25, 364, 476]}]","{""D1"": ""patch_upsampled_then_sliding_window_gaussian_fused_full_volume"", ""D2"": ""patch_upsampled_then_sliding_window_gaussian_fused_full_volume"", ""D3"": ""patch_upsampled_then_sliding_window_gaussian_fused_full_volume"", ""D4"": ""patch_upsampled_then_sliding_window_gaussian_fused_full_volume"", ""D5"": ""final_output_sliding_window_gaussian_fused_full_volume""}",10,"[0.7640495300292969, 0.7740338444709778, 0.7631022334098816, 0.765355110168457, 0.7692409157752991, 0.7711763381958008, 0.7656503319740295, 0.7700045704841614, 0.7700510025024414, 0.7610557675361633]","[7.0, 0.0, 8.0, 6.0, 4.0, 1.0, 5.0, 3.0, 2.0, 9.0]","[{""scale"": 1.0, ""offset"": 0.0}, {""scale"": 0.8716461658477783, ""offset"": -0.1316210925579071}, {""scale"": 1.0864286422729492, ""offset"": 0.012216979637742043}, {""scale"": 1.0669336318969727, ""offset"": -0.016642017289996147}, {""scale"": 1.1078355312347412, ""offset"": -0.08121056854724884}, {""scale"": 1.0202220678329468, ""offset"": -0.10369565337896347}, {""scale"": 0.8724583387374878, ""offset"": -0.017221856862306595}, {""scale"": 0.9076048731803894, ""offset"": -0.07594656944274902}, {""scale"": 1.076099157333374, ""offset"": -0.09122942388057709}, {""scale"": 1.043601632118225, ""offset"": 0.030359530821442604}]",60,12
FNH_PA32,liver,9,0.9411835074424744,0.5,"[71, 190, 319]","[71, 190, 319]","[71, 190, 319]",predictor_crop_to_nonzero_bbox_padding_removed,none_same_size,nearest,valid,4303310,4303310,0.06420966237783432,0.2416919469833374,1.863788930174599e-16,2.8616282676807714e-09,6.945979436068228e-08,4.3103099756081065e-07,3.3405392514396226e-06,0.9967302083969116,0.99997878074646,4303310,0.000441203941591084,0.00024306050909217447,5.283924474497326e-05,0.00013344775652512908,0.0002453606575727463,0.0004234016523696482,0.0006112628034316003,0.0007565924897789955,0.003920637536793947,4303310,0.5,0.2886751890182495,0.0,0.05000000074505806,0.25,0.4999999403953552,0.75,0.949999988079071,1.0,4303310,1.8154630021527396e-09,0.4766537845134735,-0.9387984871864319,-0.7835268974304199,-0.40341922640800476,0.04513967037200928,0.38821884989738464,0.7134842276573181,0.978741466999054,D5,True,"[192, 192, 192]","[71, 190, 319]","[12, 12, 12]",last_transformer_decoder_layer,mean_all_heads,current_organ_query,"patch-local softmax cross-attention, upsampled and Gaussian fused","[{""decoder_stage"": ""D1"", ""stage_number"": 1, ""model_output_list_index"": 4, ""internal_stage_index"": 0, ""encoder_skip_index"": 4, ""upsampling_order"": 1, ""is_final_output"": false, ""raw_shape"": [12, 12, 12], ""aligned_shape"": [71, 190, 319]}, {""decoder_stage"": ""D2"", ""stage_number"": 2, ""model_output_list_index"": 3, ""internal_stage_index"": 1, ""encoder_skip_index"": 3, ""upsampling_order"": 2, ""is_final_output"": false, ""raw_shape"": [24, 24, 24], ""aligned_shape"": [71, 190, 319]}, {""decoder_stage"": ""D3"", ""stage_number"": 3, ""model_output_list_index"": 2, ""internal_stage_index"": 2, ""encoder_skip_index"": 2, ""upsampling_order"": 3, ""is_final_output"": false, ""raw_shape"": [48, 48, 48], ""aligned_shape"": [71, 190, 319]}, {""decoder_stage"": ""D4"", ""stage_number"": 4, ""model_output_list_index"": 1, ""internal_stage_index"": 3, ""encoder_skip_index"": 1, ""upsampling_order"": 4, ""is_final_output"": false, ""raw_shape"": [96, 96, 96], ""aligned_shape"": [71, 190, 319]}, {""decoder_stage"": ""D5"", ""stage_number"": 5, ""model_output_list_index"": 0, ""internal_stage_index"": 4, ""encoder_skip_index"": 0, ""upsampling_order"": 5, ""is_final_output"": true, ""raw_shape"": [192, 192, 192], ""aligned_shape"": [71, 190, 319]}]","{""D1"": ""patch_upsampled_then_sliding_window_gaussian_fused_full_volume"", ""D2"": ""patch_upsampled_then_sliding_window_gaussian_fused_full_volume"", ""D3"": ""patch_upsampled_then_sliding_window_gaussian_fused_full_volume"", ""D4"": ""patch_upsampled_then_sliding_window_gaussian_fused_full_volume"", ""D5"": ""final_output_sliding_window_gaussian_fused_full_volume""}",10,"[0.9396951794624329, 0.9406075477600098, 0.9386358857154846, 0.940586507320404, 0.9403085708618164, 0.939272403717041, 0.9400384426116943, 0.9386131167411804, 0.937781035900116, 0.9411835074424744]","[5.0, 1.0, 7.0, 2.0, 3.0, 6.0, 4.0, 8.0, 9.0, 0.0]","[{""scale"": 1.0, ""offset"": 0.0}, {""scale"": 1.1422927379608154, ""offset"": 0.08167505264282227}, {""scale"": 0.9150270223617554, ""offset"": -0.06744704395532608}, {""scale"": 0.9695678949356079, ""offset"": 0.06860914081335068}, {""scale"": 1.0671226978302002, ""offset"": 0.05433027446269989}, {""scale"": 0.9856582880020142, ""offset"": -0.030394239351153374}, {""scale"": 0.8649002909660339, ""offset"": 0.024800259619951248}, {""scale"": 0.8625679016113281, ""offset"": -0.06416639685630798}, {""scale"": 0.9304046034812927, ""offset"": -0.10445691645145416}, {""scale"": 0.9200666546821594, ""offset"": 0.1467612236738205}]",20,3
FNH_PA32,liver,9,0.9411835074424744,0.5,"[71, 190, 319]","[71, 190, 319]","[71, 190, 319]",predictor_crop_to_nonzero_bbox_padding_removed,none_same_size,nearest,gt_foreground,4303310,281818,0.9294652342796326,0.22878803312778473,2.134852593371761e-06,0.1529138833284378,0.9970345497131348,0.99916672706604,0.9995983242988586,0.9998334646224976,0.99997878074646,281818,0.0005409152945503592,0.0005277343443594873,0.00010772863606689498,0.00016932043945416808,0.0002077449462376535,0.00030406011501327157,0.0006465651676990092,0.0017154522938653827,0.003920637536793947,281818,0.46788153052330017,0.3343048095703125,0.027045002207159996,0.09708654135465622,0.17765073478221893,0.33769431710243225,0.798060417175293,0.9962844252586365,1.0,281818,-0.49857842922210693,0.33186978101730347,-0.9387984871864319,-0.8658315539360046,-0.7836213111877441,-0.6300268173217773,-0.17144840955734253,0.036758095026016235,0.078754723072052,D5,True,"[192, 192, 192]","[71, 190, 319]","[12, 12, 12]",last_transformer_decoder_layer,mean_all_heads,current_organ_query,"patch-local softmax cross-attention, upsampled and Gaussian fused","[{""decoder_stage"": ""D1"", ""stage_number"": 1, ""model_output_list_index"": 4, ""internal_stage_index"": 0, ""encoder_skip_index"": 4, ""upsampling_order"": 1, ""is_final_output"": false, ""raw_shape"": [12, 12, 12], ""aligned_shape"": [71, 190, 319]}, {""decoder_stage"": ""D2"", ""stage_number"": 2, ""model_output_list_index"": 3, ""internal_stage_index"": 1, ""encoder_skip_index"": 3, ""upsampling_order"": 2, ""is_final_output"": false, ""raw_shape"": [24, 24, 24], ""aligned_shape"": [71, 190, 319]}, {""decoder_stage"": ""D3"", ""stage_number"": 3, ""model_output_list_index"": 2, ""internal_stage_index"": 2, ""encoder_skip_index"": 2, ""upsampling_order"": 3, ""is_final_output"": false, ""raw_shape"": [48, 48, 48], ""aligned_shape"": [71, 190, 319]}, {""decoder_stage"": ""D4"", ""stage_number"": 4, ""model_output_list_index"": 1, ""internal_stage_index"": 3, ""encoder_skip_index"": 1, ""upsampling_order"": 4, ""is_final_output"": false, ""raw_shape"": [96, 96, 96], ""aligned_shape"": [71, 190, 319]}, {""decoder_stage"": ""D5"", ""stage_number"": 5, ""model_output_list_index"": 0, ""internal_stage_index"": 4, ""encoder_skip_index"": 0, ""upsampling_order"": 5, ""is_final_output"": true, ""raw_shape"": [192, 192, 192], ""aligned_shape"": [71, 190, 319]}]","{""D1"": ""patch_upsampled_then_sliding_window_gaussian_fused_full_volume"", ""D2"": ""patch_upsampled_then_sliding_window_gaussian_fused_full_volume"", ""D3"": ""patch_upsampled_then_sliding_window_gaussian_fused_full_volume"", ""D4"": ""patch_upsampled_then_sliding_window_gaussian_fused_full_volume"", ""D5"": ""final_output_sliding_window_gaussian_fused_full_volume""}",10,"[0.9396951794624329, 0.9406075477600098, 0.9386358857154846, 0.940586507320404, 0.9403085708618164, 0.939272403717041, 0.9400384426116943, 0.9386131167411804, 0.937781035900116, 0.9411835074424744]","[5.0, 1.0, 7.0, 2.0, 3.0, 6.0, 4.0, 8.0, 9.0, 0.0]","[{""scale"": 1.0, ""offset"": 0.0}, {""scale"": 1.1422927379608154, ""offset"": 0.08167505264282227}, {""scale"": 0.9150270223617554, ""offset"": -0.06744704395532608}, {""scale"": 0.9695678949356079, ""offset"": 0.06860914081335068}, {""scale"": 1.0671226978302002, ""offset"": 0.05433027446269989}, {""scale"": 0.9856582880020142, ""offset"": -0.030394239351153374}, {""scale"": 0.8649002909660339, ""offset"": 0.024800259619951248}, {""scale"": 0.8625679016113281, ""offset"": -0.06416639685630798}, {""scale"": 0.9304046034812927, ""offset"": -0.10445691645145416}, {""scale"": 0.9200666546821594, ""offset"": 0.1467612236738205}]",20,3
FNH_PA32,liver,9,0.9411835074424744,0.5,"[71, 190, 319]","[71, 190, 319]","[71, 190, 319]",predictor_crop_to_nonzero_bbox_padding_removed,none_same_size,nearest,gt_background_valid,4303310,4021492,0.0035743089392781258,0.05194921791553497,1.863788930174599e-16,2.525378128837019e-09,6.023573462243803e-08,3.4652916269806155e-07,1.979206672331202e-06,7.688098412472755e-05,0.999782145023346,4021492,0.0004342164029367268,0.0002072582283290103,5.283924474497326e-05,0.00013024621875956655,0.00025147778796963394,0.0004289967764634639,0.0006104668718762696,0.0007432277780026197,0.0032292671967297792,4021492,0.5022507905960083,0.2850683331489563,0.0,0.046744853258132935,0.26014184951782227,0.5082206726074219,0.7489779591560364,0.939159631729126,0.999902606010437,4021492,0.03493936359882355,0.46557652950286865,-0.9238467216491699,-0.7568117380142212,-0.3386504352092743,0.09118784964084625,0.40962058305740356,0.7225240468978882,0.978741466999054,D5,True,"[192, 192, 192]","[71, 190, 319]","[12, 12, 12]",last_transformer_decoder_layer,mean_all_heads,current_organ_query,"patch-local softmax cross-attention, upsampled and Gaussian fused","[{""decoder_stage"": ""D1"", ""stage_number"": 1, ""model_output_list_index"": 4, ""internal_stage_index"": 0, ""encoder_skip_index"": 4, ""upsampling_order"": 1, ""is_final_output"": false, ""raw_shape"": [12, 12, 12], ""aligned_shape"": [71, 190, 319]}, {""decoder_stage"": ""D2"", ""stage_number"": 2, ""model_output_list_index"": 3, ""internal_stage_index"": 1, ""encoder_skip_index"": 3, ""upsampling_order"": 2, ""is_final_output"": false, ""raw_shape"": [24, 24, 24], ""aligned_shape"": [71, 190, 319]}, {""decoder_stage"": ""D3"", ""stage_number"": 3, ""model_output_list_index"": 2, ""internal_stage_index"": 2, ""encoder_skip_index"": 2, ""upsampling_order"": 3, ""is_final_output"": false, ""raw_shape"": [48, 48, 48], ""aligned_shape"": [71, 190, 319]}, {""decoder_stage"": ""D4"", ""stage_number"": 4, ""model_output_list_index"": 1, ""internal_stage_index"": 3, ""encoder_skip_index"": 1, ""upsampling_order"": 4, ""is_final_output"": false, ""raw_shape"": [96, 96, 96], ""aligned_shape"": [71, 190, 319]}, {""decoder_stage"": ""D5"", ""stage_number"": 5, ""model_output_list_index"": 0, ""internal_stage_index"": 4, ""encoder_skip_index"": 0, ""upsampling_order"": 5, ""is_final_output"": true, ""raw_shape"": [192, 192, 192], ""aligned_shape"": [71, 190, 319]}]","{""D1"": ""patch_upsampled_then_sliding_window_gaussian_fused_full_volume"", ""D2"": ""patch_upsampled_then_sliding_window_gaussian_fused_full_volume"", ""D3"": ""patch_upsampled_then_sliding_window_gaussian_fused_full_volume"", ""D4"": ""patch_upsampled_then_sliding_window_gaussian_fused_full_volume"", ""D5"": ""final_output_sliding_window_gaussian_fused_full_volume""}",10,"[0.9396951794624329, 0.9406075477600098, 0.9386358857154846, 0.940586507320404, 0.9403085708618164, 0.939272403717041, 0.9400384426116943, 0.9386131167411804, 0.937781035900116, 0.9411835074424744]","[5.0, 1.0, 7.0, 2.0, 3.0, 6.0, 4.0, 8.0, 9.0, 0.0]","[{""scale"": 1.0, ""offset"": 0.0}, {""scale"": 1.1422927379608154, ""offset"": 0.08167505264282227}, {""scale"": 0.9150270223617554, ""offset"": -0.06744704395532608}, {""scale"": 0.9695678949356079, ""offset"": 0.06860914081335068}, {""scale"": 1.0671226978302002, ""offset"": 0.05433027446269989}, {""scale"": 0.9856582880020142, ""offset"": -0.030394239351153374}, {""scale"": 0.8649002909660339, ""offset"": 0.024800259619951248}, {""scale"": 0.8625679016113281, ""offset"": -0.06416639685630798}, {""scale"": 0.9304046034812927, ""offset"": -0.10445691645145416}, {""scale"": 0.9200666546821594, ""offset"": 0.1467612236738205}]",20,3
FNH_PA32,liver,9,0.9411835074424744,0.5,"[71, 190, 319]","[71, 190, 319]","[71, 190, 319]",predictor_crop_to_nonzero_bbox_padding_removed,none_same_size,nearest,TP,4303310,262939,0.9886765480041504,0.049290429800748825,0.5000165700912476,0.9588090181350708,0.9980037808418274,0.9992491602897644,0.9996181726455688,0.9998384714126587,0.99997878074646,262939,0.000560479355044663,0.0005384133546613157,0.00012192758003948256,0.00017049246525857598,0.00021385401487350464,0.00032210853532887995,0.0006797024398110807,0.0017532620113343,0.003920637536793947,262939,0.4841623306274414,0.33496832847595215,0.03863561898469925,0.09901436418294907,0.19042903184890747,0.36200350522994995,0.8509640693664551,0.9965240955352783,1.0,262939,-0.4850875437259674,0.3342961072921753,-0.9387984871864319,-0.8674616813659668,-0.7787741422653198,-0.6079045534133911,-0.12015470862388611,0.03687378019094467,0.06166929006576538,D5,True,"[192, 192, 192]","[71, 190, 319]","[12, 12, 12]",last_transformer_decoder_layer,mean_all_heads,current_organ_query,"patch-local softmax cross-attention, upsampled and Gaussian fused","[{""decoder_stage"": ""D1"", ""stage_number"": 1, ""model_output_list_index"": 4, ""internal_stage_index"": 0, ""encoder_skip_index"": 4, ""upsampling_order"": 1, ""is_final_output"": false, ""raw_shape"": [12, 12, 12], ""aligned_shape"": [71, 190, 319]}, {""decoder_stage"": ""D2"", ""stage_number"": 2, ""model_output_list_index"": 3, ""internal_stage_index"": 1, ""encoder_skip_index"": 3, ""upsampling_order"": 2, ""is_final_output"": false, ""raw_shape"": [24, 24, 24], ""aligned_shape"": [71, 190, 319]}, {""decoder_stage"": ""D3"", ""stage_number"": 3, ""model_output_list_index"": 2, ""internal_stage_index"": 2, ""encoder_skip_index"": 2, ""upsampling_order"": 3, ""is_final_output"": false, ""raw_shape"": [48, 48, 48], ""aligned_shape"": [71, 190, 319]}, {""decoder_stage"": ""D4"", ""stage_number"": 4, ""model_output_list_index"": 1, ""internal_stage_index"": 3, ""encoder_skip_index"": 1, ""upsampling_order"": 4, ""is_final_output"": false, ""raw_shape"": [96, 96, 96], ""aligned_shape"": [71, 190, 319]}, {""decoder_stage"": ""D5"", ""stage_number"": 5, ""model_output_list_index"": 0, ""internal_stage_index"": 4, ""encoder_skip_index"": 0, ""upsampling_order"": 5, ""is_final_output"": true, ""raw_shape"": [192, 192, 192], ""aligned_shape"": [71, 190, 319]}]","{""D1"": ""patch_upsampled_then_sliding_window_gaussian_fused_full_volume"", ""D2"": ""patch_upsampled_then_sliding_window_gaussian_fused_full_volume"", ""D3"": ""patch_upsampled_then_sliding_window_gaussian_fused_full_volume"", ""D4"": ""patch_upsampled_then_sliding_window_gaussian_fused_full_volume"", ""D5"": ""final_output_sliding_window_gaussian_fused_full_volume""}",10,"[0.9396951794624329, 0.9406075477600098, 0.9386358857154846, 0.940586507320404, 0.9403085708618164, 0.939272403717041, 0.9400384426116943, 0.9386131167411804, 0.937781035900116, 0.9411835074424744]","[5.0, 1.0, 7.0, 2.0, 3.0, 6.0, 4.0, 8.0, 9.0, 0.0]","[{""scale"": 1.0, ""offset"": 0.0}, {""scale"": 1.1422927379608154, ""offset"": 0.08167505264282227}, {""scale"": 0.9150270223617554, ""offset"": -0.06744704395532608}, {""scale"": 0.9695678949356079, ""offset"": 0.06860914081335068}, {""scale"": 1.0671226978302002, ""offset"": 0.05433027446269989}, {""scale"": 0.9856582880020142, ""offset"": -0.030394239351153374}, {""scale"": 0.8649002909660339, ""offset"": 0.024800259619951248}, {""scale"": 0.8625679016113281, ""offset"": -0.06416639685630798}, {""scale"": 0.9304046034812927, ""offset"": -0.10445691645145416}, {""scale"": 0.9200666546821594, ""offset"": 0.1467612236738205}]",20,3
FNH_PA32,liver,9,0.9411835074424744,0.5,"[71, 190, 319]","[71, 190, 319]","[71, 190, 319]",predictor_crop_to_nonzero_bbox_padding_removed,none_same_size,nearest,FN,4303310,18879,0.10479351133108139,0.1364484429359436,2.134852593371761e-06,0.0004545528208836913,0.007352540269494057,0.03673890233039856,0.15599872171878815,0.4226299822330475,0.4999353289604187,18879,0.0002684348146431148,0.0002008874580496922,0.00010772863606689498,0.00016164699627552181,0.0001831301487982273,0.00019694278307724744,0.00024086350458674133,0.0007410052930936217,0.002048986963927746,18879,0.24112986028194427,0.22464816272258759,0.027045002207159996,0.08491874486207962,0.12235665321350098,0.15281100571155548,0.24227124452590942,0.9371011853218079,0.997990608215332,18879,-0.6864736080169678,0.2231285721063614,-0.9017590880393982,-0.8441122770309448,-0.8040900230407715,-0.7719631791114807,-0.6871943473815918,0.005934291984885931,0.078754723072052,D5,True,"[192, 192, 192]","[71, 190, 319]","[12, 12, 12]",last_transformer_decoder_layer,mean_all_heads,current_organ_query,"patch-local softmax cross-attention, upsampled and Gaussian fused","[{""decoder_stage"": ""D1"", ""stage_number"": 1, ""model_output_list_index"": 4, ""internal_stage_index"": 0, ""encoder_skip_index"": 4, ""upsampling_order"": 1, ""is_final_output"": false, ""raw_shape"": [12, 12, 12], ""aligned_shape"": [71, 190, 319]}, {""decoder_stage"": ""D2"", ""stage_number"": 2, ""model_output_list_index"": 3, ""internal_stage_index"": 1, ""encoder_skip_index"": 3, ""upsampling_order"": 2, ""is_final_output"": false, ""raw_shape"": [24, 24, 24], ""aligned_shape"": [71, 190, 319]}, {""decoder_stage"": ""D3"", ""stage_number"": 3, ""model_output_list_index"": 2, ""internal_stage_index"": 2, ""encoder_skip_index"": 2, ""upsampling_order"": 3, ""is_final_output"": false, ""raw_shape"": [48, 48, 48], ""aligned_shape"": [71, 190, 319]}, {""decoder_stage"": ""D4"", ""stage_number"": 4, ""model_output_list_index"": 1, ""internal_stage_index"": 3, ""encoder_skip_index"": 1, ""upsampling_order"": 4, ""is_final_output"": false, ""raw_shape"": [96, 96, 96], ""aligned_shape"": [71, 190, 319]}, {""decoder_stage"": ""D5"", ""stage_number"": 5, ""model_output_list_index"": 0, ""internal_stage_index"": 4, ""encoder_skip_index"": 0, ""upsampling_order"": 5, ""is_final_output"": true, ""raw_shape"": [192, 192, 192], ""aligned_shape"": [71, 190, 319]}]","{""D1"": ""patch_upsampled_then_sliding_window_gaussian_fused_full_volume"", ""D2"": ""patch_upsampled_then_sliding_window_gaussian_fused_full_volume"", ""D3"": ""patch_upsampled_then_sliding_window_gaussian_fused_full_volume"", ""D4"": ""patch_upsampled_then_sliding_window_gaussian_fused_full_volume"", ""D5"": ""final_output_sliding_window_gaussian_fused_full_volume""}",10,"[0.9396951794624329, 0.9406075477600098, 0.9386358857154846, 0.940586507320404, 0.9403085708618164, 0.939272403717041, 0.9400384426116943, 0.9386131167411804, 0.937781035900116, 0.9411835074424744]","[5.0, 1.0, 7.0, 2.0, 3.0, 6.0, 4.0, 8.0, 9.0, 0.0]","[{""scale"": 1.0, ""offset"": 0.0}, {""scale"": 1.1422927379608154, ""offset"": 0.08167505264282227}, {""scale"": 0.9150270223617554, ""offset"": -0.06744704395532608}, {""scale"": 0.9695678949356079, ""offset"": 0.06860914081335068}, {""scale"": 1.0671226978302002, ""offset"": 0.05433027446269989}, {""scale"": 0.9856582880020142, ""offset"": -0.030394239351153374}, {""scale"": 0.8649002909660339, ""offset"": 0.024800259619951248}, {""scale"": 0.8625679016113281, ""offset"": -0.06416639685630798}, {""scale"": 0.9304046034812927, ""offset"": -0.10445691645145416}, {""scale"": 0.9200666546821594, ""offset"": 0.1467612236738205}]",20,3
FNH_PA32,liver,9,0.9411835074424744,0.5,"[71, 190, 319]","[71, 190, 319]","[71, 190, 319]",predictor_crop_to_nonzero_bbox_padding_removed,none_same_size,nearest,FP,4303310,13234,0.8680295944213867,0.1447320282459259,0.5000247359275818,0.5608262419700623,0.7764083743095398,0.9354087710380554,0.9864663481712341,0.9973447322845459,0.999782145023346,13234,0.0005873217596672475,0.0006124607753008604,9.624593076296151e-05,0.00013057685282547027,0.00019515609892550856,0.0003369697369635105,0.0006848466582596302,0.002100979210808873,0.0032292671967297792,13234,0.47657081484794617,0.3481672406196594,0.018452079966664314,0.047074031084775925,0.14853936433792114,0.38193291425704956,0.8588675260543823,0.9981867671012878,0.999902606010437,13234,-0.4647529423236847,0.34700527787208557,-0.9176796674728394,-0.8908846378326416,-0.7922866940498352,-0.5609251260757446,-0.08454068005084991,0.05696682631969452,0.06385546922683716,D5,True,"[192, 192, 192]","[71, 190, 319]","[12, 12, 12]",last_transformer_decoder_layer,mean_all_heads,current_organ_query,"patch-local softmax cross-attention, upsampled and Gaussian fused","[{""decoder_stage"": ""D1"", ""stage_number"": 1, ""model_output_list_index"": 4, ""internal_stage_index"": 0, ""encoder_skip_index"": 4, ""upsampling_order"": 1, ""is_final_output"": false, ""raw_shape"": [12, 12, 12], ""aligned_shape"": [71, 190, 319]}, {""decoder_stage"": ""D2"", ""stage_number"": 2, ""model_output_list_index"": 3, ""internal_stage_index"": 1, ""encoder_skip_index"": 3, ""upsampling_order"": 2, ""is_final_output"": false, ""raw_shape"": [24, 24, 24], ""aligned_shape"": [71, 190, 319]}, {""decoder_stage"": ""D3"", ""stage_number"": 3, ""model_output_list_index"": 2, ""internal_stage_index"": 2, ""encoder_skip_index"": 2, ""upsampling_order"": 3, ""is_final_output"": false, ""raw_shape"": [48, 48, 48], ""aligned_shape"": [71, 190, 319]}, {""decoder_stage"": ""D4"", ""stage_number"": 4, ""model_output_list_index"": 1, ""internal_stage_index"": 3, ""encoder_skip_index"": 1, ""upsampling_order"": 4, ""is_final_output"": false, ""raw_shape"": [96, 96, 96], ""aligned_shape"": [71, 190, 319]}, {""decoder_stage"": ""D5"", ""stage_number"": 5, ""model_output_list_index"": 0, ""internal_stage_index"": 4, ""encoder_skip_index"": 0, ""upsampling_order"": 5, ""is_final_output"": true, ""raw_shape"": [192, 192, 192], ""aligned_shape"": [71, 190, 319]}]","{""D1"": ""patch_upsampled_then_sliding_window_gaussian_fused_full_volume"", ""D2"": ""patch_upsampled_then_sliding_window_gaussian_fused_full_volume"", ""D3"": ""patch_upsampled_then_sliding_window_gaussian_fused_full_volume"", ""D4"": ""patch_upsampled_then_sliding_window_gaussian_fused_full_volume"", ""D5"": ""final_output_sliding_window_gaussian_fused_full_volume""}",10,"[0.9396951794624329, 0.9406075477600098, 0.9386358857154846, 0.940586507320404, 0.9403085708618164, 0.939272403717041, 0.9400384426116943, 0.9386131167411804, 0.937781035900116, 0.9411835074424744]","[5.0, 1.0, 7.0, 2.0, 3.0, 6.0, 4.0, 8.0, 9.0, 0.0]","[{""scale"": 1.0, ""offset"": 0.0}, {""scale"": 1.1422927379608154, ""offset"": 0.08167505264282227}, {""scale"": 0.9150270223617554, ""offset"": -0.06744704395532608}, {""scale"": 0.9695678949356079, ""offset"": 0.06860914081335068}, {""scale"": 1.0671226978302002, ""offset"": 0.05433027446269989}, {""scale"": 0.9856582880020142, ""offset"": -0.030394239351153374}, {""scale"": 0.8649002909660339, ""offset"": 0.024800259619951248}, {""scale"": 0.8625679016113281, ""offset"": -0.06416639685630798}, {""scale"": 0.9304046034812927, ""offset"": -0.10445691645145416}, {""scale"": 0.9200666546821594, ""offset"": 0.1467612236738205}]",20,3
FNH_PA32,liver,9,0.9411835074424744,0.5,"[71, 190, 319]","[71, 190, 319]","[71, 190, 319]",predictor_crop_to_nonzero_bbox_padding_removed,none_same_size,nearest,TN,4303310,4008258,0.0007201511762104928,0.012768403626978397,1.863788930174599e-16,2.5107458334616695e-09,5.934460389767082e-08,3.419065137677535e-07,1.933358362293802e-06,6.630784628214315e-05,0.49971720576286316,4008258,0.00043371086940169334,0.00020440563093870878,5.283924474497326e-05,0.00013024336658418179,0.00025171952438540757,0.0004292147932574153,0.0006103861378505826,0.0007425957010127604,0.0030130762606859207,4008258,0.5023356080055237,0.28483301401138306,0.0,0.04674236848950386,0.26053452491760254,0.5085522532463074,0.7488717436790466,0.9385998845100403,0.9997982978820801,4008258,0.03658919036388397,0.4650295376777649,-0.9238467216491699,-0.7552890777587891,-0.3357981741428375,0.0934949517250061,0.41064155101776123,0.7229345440864563,0.978741466999054,D5,True,"[192, 192, 192]","[71, 190, 319]","[12, 12, 12]",last_transformer_decoder_layer,mean_all_heads,current_organ_query,"patch-local softmax cross-attention, upsampled and Gaussian fused","[{""decoder_stage"": ""D1"", ""stage_number"": 1, ""model_output_list_index"": 4, ""internal_stage_index"": 0, ""encoder_skip_index"": 4, ""upsampling_order"": 1, ""is_final_output"": false, ""raw_shape"": [12, 12, 12], ""aligned_shape"": [71, 190, 319]}, {""decoder_stage"": ""D2"", ""stage_number"": 2, ""model_output_list_index"": 3, ""internal_stage_index"": 1, ""encoder_skip_index"": 3, ""upsampling_order"": 2, ""is_final_output"": false, ""raw_shape"": [24, 24, 24], ""aligned_shape"": [71, 190, 319]}, {""decoder_stage"": ""D3"", ""stage_number"": 3, ""model_output_list_index"": 2, ""internal_stage_index"": 2, ""encoder_skip_index"": 2, ""upsampling_order"": 3, ""is_final_output"": false, ""raw_shape"": [48, 48, 48], ""aligned_shape"": [71, 190, 319]}, {""decoder_stage"": ""D4"", ""stage_number"": 4, ""model_output_list_index"": 1, ""internal_stage_index"": 3, ""encoder_skip_index"": 1, ""upsampling_order"": 4, ""is_final_output"": false, ""raw_shape"": [96, 96, 96], ""aligned_shape"": [71, 190, 319]}, {""decoder_stage"": ""D5"", ""stage_number"": 5, ""model_output_list_index"": 0, ""internal_stage_index"": 4, ""encoder_skip_index"": 0, ""upsampling_order"": 5, ""is_final_output"": true, ""raw_shape"": [192, 192, 192], ""aligned_shape"": [71, 190, 319]}]","{""D1"": ""patch_upsampled_then_sliding_window_gaussian_fused_full_volume"", ""D2"": ""patch_upsampled_then_sliding_window_gaussian_fused_full_volume"", ""D3"": ""patch_upsampled_then_sliding_window_gaussian_fused_full_volume"", ""D4"": ""patch_upsampled_then_sliding_window_gaussian_fused_full_volume"", ""D5"": ""final_output_sliding_window_gaussian_fused_full_volume""}",10,"[0.9396951794624329, 0.9406075477600098, 0.9386358857154846, 0.940586507320404, 0.9403085708618164, 0.939272403717041, 0.9400384426116943, 0.9386131167411804, 0.937781035900116, 0.9411835074424744]","[5.0, 1.0, 7.0, 2.0, 3.0, 6.0, 4.0, 8.0, 9.0, 0.0]","[{""scale"": 1.0, ""offset"": 0.0}, {""scale"": 1.1422927379608154, ""offset"": 0.08167505264282227}, {""scale"": 0.9150270223617554, ""offset"": -0.06744704395532608}, {""scale"": 0.9695678949356079, ""offset"": 0.06860914081335068}, {""scale"": 1.0671226978302002, ""offset"": 0.05433027446269989}, {""scale"": 0.9856582880020142, ""offset"": -0.030394239351153374}, {""scale"": 0.8649002909660339, ""offset"": 0.024800259619951248}, {""scale"": 0.8625679016113281, ""offset"": -0.06416639685630798}, {""scale"": 0.9304046034812927, ""offset"": -0.10445691645145416}, {""scale"": 0.9200666546821594, ""offset"": 0.1467612236738205}]",20,3
HEM_PA66,liver,3,0.9524511694908142,0.5,"[71, 157, 319]","[71, 157, 319]","[71, 157, 319]",predictor_crop_to_nonzero_bbox_padding_removed,none_same_size,nearest,valid,3555893,3555893,0.06674657762050629,0.2466542273759842,6.711762019100988e-16,3.6254244051292517e-10,2.834463508349927e-08,3.6044087892150856e-07,3.28921328218712e-06,0.9976809024810791,0.9999948740005493,3555893,0.0003951988182961941,0.00025709462352097034,3.880001895595342e-05,0.00010891748388530686,0.00021337698854040354,0.0003474223194643855,0.0005530461203306913,0.000708624895196408,0.0031664364505559206,3555893,0.5,0.2886751890182495,0.0,0.05000000074505806,0.25,0.5,0.75,0.9500000476837158,1.0,3555893,2.19705720283514e-09,0.4463297426700592,-0.9438624978065491,-0.7492092847824097,-0.3531510531902313,0.04559868574142456,0.33693429827690125,0.7022555470466614,0.9764728546142578,D5,True,"[192, 192, 192]","[71, 157, 319]","[12, 12, 12]",last_transformer_decoder_layer,mean_all_heads,current_organ_query,"patch-local softmax cross-attention, upsampled and Gaussian fused","[{""decoder_stage"": ""D1"", ""stage_number"": 1, ""model_output_list_index"": 4, ""internal_stage_index"": 0, ""encoder_skip_index"": 4, ""upsampling_order"": 1, ""is_final_output"": false, ""raw_shape"": [12, 12, 12], ""aligned_shape"": [71, 157, 319]}, {""decoder_stage"": ""D2"", ""stage_number"": 2, ""model_output_list_index"": 3, ""internal_stage_index"": 1, ""encoder_skip_index"": 3, ""upsampling_order"": 2, ""is_final_output"": false, ""raw_shape"": [24, 24, 24], ""aligned_shape"": [71, 157, 319]}, {""decoder_stage"": ""D3"", ""stage_number"": 3, ""model_output_list_index"": 2, ""internal_stage_index"": 2, ""encoder_skip_index"": 2, ""upsampling_order"": 3, ""is_final_output"": false, ""raw_shape"": [48, 48, 48], ""aligned_shape"": [71, 157, 319]}, {""decoder_stage"": ""D4"", ""stage_number"": 4, ""model_output_list_index"": 1, ""internal_stage_index"": 3, ""encoder_skip_index"": 1, ""upsampling_order"": 4, ""is_final_output"": false, ""raw_shape"": [96, 96, 96], ""aligned_shape"": [71, 157, 319]}, {""decoder_stage"": ""D5"", ""stage_number"": 5, ""model_output_list_index"": 0, ""internal_stage_index"": 4, ""encoder_skip_index"": 0, ""upsampling_order"": 5, ""is_final_output"": true, ""raw_shape"": [192, 192, 192], ""aligned_shape"": [71, 157, 319]}]","{""D1"": ""patch_upsampled_then_sliding_window_gaussian_fused_full_volume"", ""D2"": ""patch_upsampled_then_sliding_window_gaussian_fused_full_volume"", ""D3"": ""patch_upsampled_then_sliding_window_gaussian_fused_full_volume"", ""D4"": ""patch_upsampled_then_sliding_window_gaussian_fused_full_volume"", ""D5"": ""final_output_sliding_window_gaussian_fused_full_volume""}",10,"[0.9520890712738037, 0.9518740177154541, 0.9520485997200012, 0.9524511694908142, 0.9521002173423767, 0.9521164894104004, 0.9518814086914062, 0.9520513415336609, 0.9518658518791199, 0.9524109959602356]","[4.0, 8.0, 6.0, 0.0, 3.0, 2.0, 7.0, 5.0, 9.0, 1.0]","[{""scale"": 1.0, ""offset"": 0.0}, {""scale"": 1.0265949964523315, ""offset"": -0.13313600420951843}, {""scale"": 0.904354453086853, ""offset"": -0.07795440405607224}, {""scale"": 0.8645005822181702, ""offset"": 0.14820899069309235}, {""scale"": 0.9488123655319214, ""offset"": 0.053633399307727814}, {""scale"": 1.0545655488967896, ""offset"": -0.05579434707760811}, {""scale"": 0.8553650975227356, ""offset"": -0.13103090226650238}, {""scale"": 1.1352009773254395, ""offset"": -0.09119552373886108}, {""scale"": 0.947715699672699, ""offset"": -0.12205222994089127}, {""scale"": 0.8744548559188843, ""offset"": 0.13605481386184692}]",20,3
HEM_PA66,liver,3,0.9524511694908142,0.5,"[71, 157, 319]","[71, 157, 319]","[71, 157, 319]",predictor_crop_to_nonzero_bbox_padding_removed,none_same_size,nearest,gt_foreground,3555893,235933,0.9632693529129028,0.15546239912509918,0.00018814207578543574,0.830218493938446,0.9976907968521118,0.9992879033088684,0.9997021555900574,0.9998960494995117,0.9999948740005493,235933,0.0005616734270006418,0.0005789223941974342,7.482808723580092e-05,0.0001369771343888715,0.00019616913050413132,0.0002945946471299976,0.0007024658843874931,0.001937332097440958,0.0031664364505559206,235933,0.5124295949935913,0.3348252475261688,0.016588523983955383,0.09747961908578873,0.2123042494058609,0.4164409339427948,0.9451243281364441,0.995780348777771,1.0,235933,-0.4540477693080902,0.33411335945129395,-0.9438624978065491,-0.8685944080352783,-0.7514064311981201,-0.5494506359100342,-0.02989065647125244,0.04134800285100937,0.08237314224243164,D5,True,"[192, 192, 192]","[71, 157, 319]","[12, 12, 12]",last_transformer_decoder_layer,mean_all_heads,current_organ_query,"patch-local softmax cross-attention, upsampled and Gaussian fused","[{""decoder_stage"": ""D1"", ""stage_number"": 1, ""model_output_list_index"": 4, ""internal_stage_index"": 0, ""encoder_skip_index"": 4, ""upsampling_order"": 1, ""is_final_output"": false, ""raw_shape"": [12, 12, 12], ""aligned_shape"": [71, 157, 319]}, {""decoder_stage"": ""D2"", ""stage_number"": 2, ""model_output_list_index"": 3, ""internal_stage_index"": 1, ""encoder_skip_index"": 3, ""upsampling_order"": 2, ""is_final_output"": false, ""raw_shape"": [24, 24, 24], ""aligned_shape"": [71, 157, 319]}, {""decoder_stage"": ""D3"", ""stage_number"": 3, ""model_output_list_index"": 2, ""internal_stage_index"": 2, ""encoder_skip_index"": 2, ""upsampling_order"": 3, ""is_final_output"": false, ""raw_shape"": [48, 48, 48], ""aligned_shape"": [71, 157, 319]}, {""decoder_stage"": ""D4"", ""stage_number"": 4, ""model_output_list_index"": 1, ""internal_stage_index"": 3, ""encoder_skip_index"": 1, ""upsampling_order"": 4, ""is_final_output"": false, ""raw_shape"": [96, 96, 96], ""aligned_shape"": [71, 157, 319]}, {""decoder_stage"": ""D5"", ""stage_number"": 5, ""model_output_list_index"": 0, ""internal_stage_index"": 4, ""encoder_skip_index"": 0, ""upsampling_order"": 5, ""is_final_output"": true, ""raw_shape"": [192, 192, 192], ""aligned_shape"": [71, 157, 319]}]","{""D1"": ""patch_upsampled_then_sliding_window_gaussian_fused_full_volume"", ""D2"": ""patch_upsampled_then_sliding_window_gaussian_fused_full_volume"", ""D3"": ""patch_upsampled_then_sliding_window_gaussian_fused_full_volume"", ""D4"": ""patch_upsampled_then_sliding_window_gaussian_fused_full_volume"", ""D5"": ""final_output_sliding_window_gaussian_fused_full_volume""}",10,"[0.9520890712738037, 0.9518740177154541, 0.9520485997200012, 0.9524511694908142, 0.9521002173423767, 0.9521164894104004, 0.9518814086914062, 0.9520513415336609, 0.9518658518791199, 0.9524109959602356]","[4.0, 8.0, 6.0, 0.0, 3.0, 2.0, 7.0, 5.0, 9.0, 1.0]","[{""scale"": 1.0, ""offset"": 0.0}, {""scale"": 1.0265949964523315, ""offset"": -0.13313600420951843}, {""scale"": 0.904354453086853, ""offset"": -0.07795440405607224}, {""scale"": 0.8645005822181702, ""offset"": 0.14820899069309235}, {""scale"": 0.9488123655319214, ""offset"": 0.053633399307727814}, {""scale"": 1.0545655488967896, ""offset"": -0.05579434707760811}, {""scale"": 0.8553650975227356, ""offset"": -0.13103090226650238}, {""scale"": 1.1352009773254395, ""offset"": -0.09119552373886108}, {""scale"": 0.947715699672699, ""offset"": -0.12205222994089127}, {""scale"": 0.8744548559188843, ""offset"": 0.13605481386184692}]",20,3
HEM_PA66,liver,3,0.9524511694908142,0.5,"[71, 157, 319]","[71, 157, 319]","[71, 157, 319]",predictor_crop_to_nonzero_bbox_padding_removed,none_same_size,nearest,gt_background_valid,3555893,3319960,0.0030351742170751095,0.04760655760765076,6.711762019100988e-16,3.1118765897453216e-10,2.2719000014603807e-08,2.7129999580211006e-07,2.023665047090617e-06,5.2384155424078926e-05,0.9999028444290161,3319960,0.00038336828583851457,0.00021182047203183174,3.880001895595342e-05,0.00010634972568368539,0.0002157091221306473,0.00035046041011810303,0.0005496370722539723,0.0006934161647222936,0.0031498316675424576,3319960,0.4991166591644287,0.28509077429771423,0.0,0.04674690589308739,0.25533923506736755,0.5045665502548218,0.7461833953857422,0.9365349411964417,0.9999997019767761,3319960,0.03226691111922264,0.43559399247169495,-0.9180840849876404,-0.716794490814209,-0.2986997663974762,0.0801333338022232,0.35754281282424927,0.7133171558380127,0.9764728546142578,D5,True,"[192, 192, 192]","[71, 157, 319]","[12, 12, 12]",last_transformer_decoder_layer,mean_all_heads,current_organ_query,"patch-local softmax cross-attention, upsampled and Gaussian fused","[{""decoder_stage"": ""D1"", ""stage_number"": 1, ""model_output_list_index"": 4, ""internal_stage_index"": 0, ""encoder_skip_index"": 4, ""upsampling_order"": 1, ""is_final_output"": false, ""raw_shape"": [12, 12, 12], ""aligned_shape"": [71, 157, 319]}, {""decoder_stage"": ""D2"", ""stage_number"": 2, ""model_output_list_index"": 3, ""internal_stage_index"": 1, ""encoder_skip_index"": 3, ""upsampling_order"": 2, ""is_final_output"": false, ""raw_shape"": [24, 24, 24], ""aligned_shape"": [71, 157, 319]}, {""decoder_stage"": ""D3"", ""stage_number"": 3, ""model_output_list_index"": 2, ""internal_stage_index"": 2, ""encoder_skip_index"": 2, ""upsampling_order"": 3, ""is_final_output"": false, ""raw_shape"": [48, 48, 48], ""aligned_shape"": [71, 157, 319]}, {""decoder_stage"": ""D4"", ""stage_number"": 4, ""model_output_list_index"": 1, ""internal_stage_index"": 3, ""encoder_skip_index"": 1, ""upsampling_order"": 4, ""is_final_output"": false, ""raw_shape"": [96, 96, 96], ""aligned_shape"": [71, 157, 319]}, {""decoder_stage"": ""D5"", ""stage_number"": 5, ""model_output_list_index"": 0, ""internal_stage_index"": 4, ""encoder_skip_index"": 0, ""upsampling_order"": 5, ""is_final_output"": true, ""raw_shape"": [192, 192, 192], ""aligned_shape"": [71, 157, 319]}]","{""D1"": ""patch_upsampled_then_sliding_window_gaussian_fused_full_volume"", ""D2"": ""patch_upsampled_then_sliding_window_gaussian_fused_full_volume"", ""D3"": ""patch_upsampled_then_sliding_window_gaussian_fused_full_volume"", ""D4"": ""patch_upsampled_then_sliding_window_gaussian_fused_full_volume"", ""D5"": ""final_output_sliding_window_gaussian_fused_full_volume""}",10,"[0.9520890712738037, 0.9518740177154541, 0.9520485997200012, 0.9524511694908142, 0.9521002173423767, 0.9521164894104004, 0.9518814086914062, 0.9520513415336609, 0.9518658518791199, 0.9524109959602356]","[4.0, 8.0, 6.0, 0.0, 3.0, 2.0, 7.0, 5.0, 9.0, 1.0]","[{""scale"": 1.0, ""offset"": 0.0}, {""scale"": 1.0265949964523315, ""offset"": -0.13313600420951843}, {""scale"": 0.904354453086853, ""offset"": -0.07795440405607224}, {""scale"": 0.8645005822181702, ""offset"": 0.14820899069309235}, {""scale"": 0.9488123655319214, ""offset"": 0.053633399307727814}, {""scale"": 1.0545655488967896, ""offset"": -0.05579434707760811}, {""scale"": 0.8553650975227356, ""offset"": -0.13103090226650238}, {""scale"": 1.1352009773254395, ""offset"": -0.09119552373886108}, {""scale"": 0.947715699672699, ""offset"": -0.12205222994089127}, {""scale"": 0.8744548559188843, ""offset"": 0.13605481386184692}]",20,3
HEM_PA66,liver,3,0.9524511694908142,0.5,"[71, 157, 319]","[71, 157, 319]","[71, 157, 319]",predictor_crop_to_nonzero_bbox_padding_removed,none_same_size,nearest,TP,3555893,228281,0.990062415599823,0.04542747512459755,0.500182032585144,0.9680526256561279,0.9980283379554749,0.9993299245834351,0.999710738658905,0.9998977184295654,0.9999948740005493,228281,0.0005676166038028896,0.0005823770188726485,7.482808723580092e-05,0.0001372800616081804,0.00019775150576606393,0.00030007382156327367,0.0007122280076146126,0.0019526208052411675,0.0031664364505559206,228281,0.5173205733299255,0.33456599712371826,0.016588523983955383,0.09804431349039078,0.21562577784061432,0.42568784952163696,0.9525853395462036,0.9958910346031189,1.0,228281,-0.45039573311805725,0.33430615067481995,-0.9438624978065491,-0.8694702982902527,-0.7500689029693604,-0.5409507751464844,-0.024145185947418213,0.040556490421295166,0.06559085845947266,D5,True,"[192, 192, 192]","[71, 157, 319]","[12, 12, 12]",last_transformer_decoder_layer,mean_all_heads,current_organ_query,"patch-local softmax cross-attention, upsampled and Gaussian fused","[{""decoder_stage"": ""D1"", ""stage_number"": 1, ""model_output_list_index"": 4, ""internal_stage_index"": 0, ""encoder_skip_index"": 4, ""upsampling_order"": 1, ""is_final_output"": false, ""raw_shape"": [12, 12, 12], ""aligned_shape"": [71, 157, 319]}, {""decoder_stage"": ""D2"", ""stage_number"": 2, ""model_output_list_index"": 3, ""internal_stage_index"": 1, ""encoder_skip_index"": 3, ""upsampling_order"": 2, ""is_final_output"": false, ""raw_shape"": [24, 24, 24], ""aligned_shape"": [71, 157, 319]}, {""decoder_stage"": ""D3"", ""stage_number"": 3, ""model_output_list_index"": 2, ""internal_stage_index"": 2, ""encoder_skip_index"": 2, ""upsampling_order"": 3, ""is_final_output"": false, ""raw_shape"": [48, 48, 48], ""aligned_shape"": [71, 157, 319]}, {""decoder_stage"": ""D4"", ""stage_number"": 4, ""model_output_list_index"": 1, ""internal_stage_index"": 3, ""encoder_skip_index"": 1, ""upsampling_order"": 4, ""is_final_output"": false, ""raw_shape"": [96, 96, 96], ""aligned_shape"": [71, 157, 319]}, {""decoder_stage"": ""D5"", ""stage_number"": 5, ""model_output_list_index"": 0, ""internal_stage_index"": 4, ""encoder_skip_index"": 0, ""upsampling_order"": 5, ""is_final_output"": true, ""raw_shape"": [192, 192, 192], ""aligned_shape"": [71, 157, 319]}]","{""D1"": ""patch_upsampled_then_sliding_window_gaussian_fused_full_volume"", ""D2"": ""patch_upsampled_then_sliding_window_gaussian_fused_full_volume"", ""D3"": ""patch_upsampled_then_sliding_window_gaussian_fused_full_volume"", ""D4"": ""patch_upsampled_then_sliding_window_gaussian_fused_full_volume"", ""D5"": ""final_output_sliding_window_gaussian_fused_full_volume""}",10,"[0.9520890712738037, 0.9518740177154541, 0.9520485997200012, 0.9524511694908142, 0.9521002173423767, 0.9521164894104004, 0.9518814086914062, 0.9520513415336609, 0.9518658518791199, 0.9524109959602356]","[4.0, 8.0, 6.0, 0.0, 3.0, 2.0, 7.0, 5.0, 9.0, 1.0]","[{""scale"": 1.0, ""offset"": 0.0}, {""scale"": 1.0265949964523315, ""offset"": -0.13313600420951843}, {""scale"": 0.904354453086853, ""offset"": -0.07795440405607224}, {""scale"": 0.8645005822181702, ""offset"": 0.14820899069309235}, {""scale"": 0.9488123655319214, ""offset"": 0.053633399307727814}, {""scale"": 1.0545655488967896, ""offset"": -0.05579434707760811}, {""scale"": 0.8553650975227356, ""offset"": -0.13103090226650238}, {""scale"": 1.1352009773254395, ""offset"": -0.09119552373886108}, {""scale"": 0.947715699672699, ""offset"": -0.12205222994089127}, {""scale"": 0.8744548559188843, ""offset"": 0.13605481386184692}]",20,3
HEM_PA66,liver,3,0.9524511694908142,0.5,"[71, 157, 319]","[71, 157, 319]","[71, 157, 319]",predictor_crop_to_nonzero_bbox_padding_removed,none_same_size,nearest,FN,3555893,7652,0.16395679116249084,0.15265774726867676,0.00018814207578543574,0.003235010663047433,0.027782272547483444,0.10947245359420776,0.2797195613384247,0.4602110683917999,0.4997279942035675,7652,0.000384374987334013,0.00042775992187671363,7.484330126317218e-05,0.00012999022146686912,0.00016814962145872414,0.0002028459421126172,0.00030722739757038653,0.001435958663932979,0.002519814996048808,7652,0.36651837825775146,0.3086768388748169,0.016601741313934326,0.08414024114608765,0.15741309523582458,0.2265099734067917,0.43744903802871704,0.9912002682685852,0.9988011717796326,7652,-0.5629979372024536,0.3090609610080719,-0.9152119755744934,-0.8467567563056946,-0.7714327573776245,-0.7026598453521729,-0.4918942153453827,0.06266285479068756,0.08237314224243164,D5,True,"[192, 192, 192]","[71, 157, 319]","[12, 12, 12]",last_transformer_decoder_layer,mean_all_heads,current_organ_query,"patch-local softmax cross-attention, upsampled and Gaussian fused","[{""decoder_stage"": ""D1"", ""stage_number"": 1, ""model_output_list_index"": 4, ""internal_stage_index"": 0, ""encoder_skip_index"": 4, ""upsampling_order"": 1, ""is_final_output"": false, ""raw_shape"": [12, 12, 12], ""aligned_shape"": [71, 157, 319]}, {""decoder_stage"": ""D2"", ""stage_number"": 2, ""model_output_list_index"": 3, ""internal_stage_index"": 1, ""encoder_skip_index"": 3, ""upsampling_order"": 2, ""is_final_output"": false, ""raw_shape"": [24, 24, 24], ""aligned_shape"": [71, 157, 319]}, {""decoder_stage"": ""D3"", ""stage_number"": 3, ""model_output_list_index"": 2, ""internal_stage_index"": 2, ""encoder_skip_index"": 2, ""upsampling_order"": 3, ""is_final_output"": false, ""raw_shape"": [48, 48, 48], ""aligned_shape"": [71, 157, 319]}, {""decoder_stage"": ""D4"", ""stage_number"": 4, ""model_output_list_index"": 1, ""internal_stage_index"": 3, ""encoder_skip_index"": 1, ""upsampling_order"": 4, ""is_final_output"": false, ""raw_shape"": [96, 96, 96], ""aligned_shape"": [71, 157, 319]}, {""decoder_stage"": ""D5"", ""stage_number"": 5, ""model_output_list_index"": 0, ""internal_stage_index"": 4, ""encoder_skip_index"": 0, ""upsampling_order"": 5, ""is_final_output"": true, ""raw_shape"": [192, 192, 192], ""aligned_shape"": [71, 157, 319]}]","{""D1"": ""patch_upsampled_then_sliding_window_gaussian_fused_full_volume"", ""D2"": ""patch_upsampled_then_sliding_window_gaussian_fused_full_volume"", ""D3"": ""patch_upsampled_then_sliding_window_gaussian_fused_full_volume"", ""D4"": ""patch_upsampled_then_sliding_window_gaussian_fused_full_volume"", ""D5"": ""final_output_sliding_window_gaussian_fused_full_volume""}",10,"[0.9520890712738037, 0.9518740177154541, 0.9520485997200012, 0.9524511694908142, 0.9521002173423767, 0.9521164894104004, 0.9518814086914062, 0.9520513415336609, 0.9518658518791199, 0.9524109959602356]","[4.0, 8.0, 6.0, 0.0, 3.0, 2.0, 7.0, 5.0, 9.0, 1.0]","[{""scale"": 1.0, ""offset"": 0.0}, {""scale"": 1.0265949964523315, ""offset"": -0.13313600420951843}, {""scale"": 0.904354453086853, ""offset"": -0.07795440405607224}, {""scale"": 0.8645005822181702, ""offset"": 0.14820899069309235}, {""scale"": 0.9488123655319214, ""offset"": 0.053633399307727814}, {""scale"": 1.0545655488967896, ""offset"": -0.05579434707760811}, {""scale"": 0.8553650975227356, ""offset"": -0.13103090226650238}, {""scale"": 1.1352009773254395, ""offset"": -0.09119552373886108}, {""scale"": 0.947715699672699, ""offset"": -0.12205222994089127}, {""scale"": 0.8744548559188843, ""offset"": 0.13605481386184692}]",20,3
HEM_PA66,liver,3,0.9524511694908142,0.5,"[71, 157, 319]","[71, 157, 319]","[71, 157, 319]",predictor_crop_to_nonzero_bbox_padding_removed,none_same_size,nearest,FP,3555893,9215,0.8635903596878052,0.1479456126689911,0.5000298023223877,0.5556975603103638,0.76609206199646,0.9284003973007202,0.9871108531951904,0.9983508586883545,0.9999028444290161,9215,0.0007244670996442437,0.000743039941880852,7.506957626901567e-05,0.00013988347200211138,0.0002092550857923925,0.00036333472235128284,0.0009456321131438017,0.0024842331185936928,0.0031498316675424576,9215,0.5762622952461243,0.34501487016677856,0.016805347055196762,0.10316837579011917,0.24068334698677063,0.5232177972793579,0.9827646613121033,0.9986711740493774,0.9999997019767761,9215,-0.3628236949443817,0.3450548052787781,-0.9172387719154358,-0.833817720413208,-0.6996203660964966,-0.4147876501083374,0.044390976428985596,0.06110122799873352,0.06673341989517212,D5,True,"[192, 192, 192]","[71, 157, 319]","[12, 12, 12]",last_transformer_decoder_layer,mean_all_heads,current_organ_query,"patch-local softmax cross-attention, upsampled and Gaussian fused","[{""decoder_stage"": ""D1"", ""stage_number"": 1, ""model_output_list_index"": 4, ""internal_stage_index"": 0, ""encoder_skip_index"": 4, ""upsampling_order"": 1, ""is_final_output"": false, ""raw_shape"": [12, 12, 12], ""aligned_shape"": [71, 157, 319]}, {""decoder_stage"": ""D2"", ""stage_number"": 2, ""model_output_list_index"": 3, ""internal_stage_index"": 1, ""encoder_skip_index"": 3, ""upsampling_order"": 2, ""is_final_output"": false, ""raw_shape"": [24, 24, 24], ""aligned_shape"": [71, 157, 319]}, {""decoder_stage"": ""D3"", ""stage_number"": 3, ""model_output_list_index"": 2, ""internal_stage_index"": 2, ""encoder_skip_index"": 2, ""upsampling_order"": 3, ""is_final_output"": false, ""raw_shape"": [48, 48, 48], ""aligned_shape"": [71, 157, 319]}, {""decoder_stage"": ""D4"", ""stage_number"": 4, ""model_output_list_index"": 1, ""internal_stage_index"": 3, ""encoder_skip_index"": 1, ""upsampling_order"": 4, ""is_final_output"": false, ""raw_shape"": [96, 96, 96], ""aligned_shape"": [71, 157, 319]}, {""decoder_stage"": ""D5"", ""stage_number"": 5, ""model_output_list_index"": 0, ""internal_stage_index"": 4, ""encoder_skip_index"": 0, ""upsampling_order"": 5, ""is_final_output"": true, ""raw_shape"": [192, 192, 192], ""aligned_shape"": [71, 157, 319]}]","{""D1"": ""patch_upsampled_then_sliding_window_gaussian_fused_full_volume"", ""D2"": ""patch_upsampled_then_sliding_window_gaussian_fused_full_volume"", ""D3"": ""patch_upsampled_then_sliding_window_gaussian_fused_full_volume"", ""D4"": ""patch_upsampled_then_sliding_window_gaussian_fused_full_volume"", ""D5"": ""final_output_sliding_window_gaussian_fused_full_volume""}",10,"[0.9520890712738037, 0.9518740177154541, 0.9520485997200012, 0.9524511694908142, 0.9521002173423767, 0.9521164894104004, 0.9518814086914062, 0.9520513415336609, 0.9518658518791199, 0.9524109959602356]","[4.0, 8.0, 6.0, 0.0, 3.0, 2.0, 7.0, 5.0, 9.0, 1.0]","[{""scale"": 1.0, ""offset"": 0.0}, {""scale"": 1.0265949964523315, ""offset"": -0.13313600420951843}, {""scale"": 0.904354453086853, ""offset"": -0.07795440405607224}, {""scale"": 0.8645005822181702, ""offset"": 0.14820899069309235}, {""scale"": 0.9488123655319214, ""offset"": 0.053633399307727814}, {""scale"": 1.0545655488967896, ""offset"": -0.05579434707760811}, {""scale"": 0.8553650975227356, ""offset"": -0.13103090226650238}, {""scale"": 1.1352009773254395, ""offset"": -0.09119552373886108}, {""scale"": 0.947715699672699, ""offset"": -0.12205222994089127}, {""scale"": 0.8744548559188843, ""offset"": 0.13605481386184692}]",20,3
HEM_PA66,liver,3,0.9524511694908142,0.5,"[71, 157, 319]","[71, 157, 319]","[71, 157, 319]",predictor_crop_to_nonzero_bbox_padding_removed,none_same_size,nearest,TN,3555893,3310745,0.0006399382255040109,0.0120333107188344,6.711762019100988e-16,3.1057975635739865e-10,2.2508450214786535e-08,2.678569615000015e-07,1.982569301617332e-06,4.6310582547448575e-05,0.4998989403247833,3310745,0.000382418860681355,0.00020768085960298777,3.880001895595342e-05,0.00010624234710121527,0.00021573113917838782,0.00035044128890149295,0.0005493205389939249,0.000692733156029135,0.0030812963377684355,3310745,0.49890199303627014,0.2848772704601288,0.0,0.046624645590782166,0.2553845942020416,0.5045386552810669,0.7458087801933289,0.935796856880188,0.9999935030937195,3310745,0.03336658701300621,0.43531960248947144,-0.9180840849876404,-0.7157482504844666,-0.2970576584339142,0.08166530728340149,0.35836324095726013,0.7137821316719055,0.9764728546142578,D5,True,"[192, 192, 192]","[71, 157, 319]","[12, 12, 12]",last_transformer_decoder_layer,mean_all_heads,current_organ_query,"patch-local softmax cross-attention, upsampled and Gaussian fused","[{""decoder_stage"": ""D1"", ""stage_number"": 1, ""model_output_list_index"": 4, ""internal_stage_index"": 0, ""encoder_skip_index"": 4, ""upsampling_order"": 1, ""is_final_output"": false, ""raw_shape"": [12, 12, 12], ""aligned_shape"": [71, 157, 319]}, {""decoder_stage"": ""D2"", ""stage_number"": 2, ""model_output_list_index"": 3, ""internal_stage_index"": 1, ""encoder_skip_index"": 3, ""upsampling_order"": 2, ""is_final_output"": false, ""raw_shape"": [24, 24, 24], ""aligned_shape"": [71, 157, 319]}, {""decoder_stage"": ""D3"", ""stage_number"": 3, ""model_output_list_index"": 2, ""internal_stage_index"": 2, ""encoder_skip_index"": 2, ""upsampling_order"": 3, ""is_final_output"": false, ""raw_shape"": [48, 48, 48], ""aligned_shape"": [71, 157, 319]}, {""decoder_stage"": ""D4"", ""stage_number"": 4, ""model_output_list_index"": 1, ""internal_stage_index"": 3, ""encoder_skip_index"": 1, ""upsampling_order"": 4, ""is_final_output"": false, ""raw_shape"": [96, 96, 96], ""aligned_shape"": [71, 157, 319]}, {""decoder_stage"": ""D5"", ""stage_number"": 5, ""model_output_list_index"": 0, ""internal_stage_index"": 4, ""encoder_skip_index"": 0, ""upsampling_order"": 5, ""is_final_output"": true, ""raw_shape"": [192, 192, 192], ""aligned_shape"": [71, 157, 319]}]","{""D1"": ""patch_upsampled_then_sliding_window_gaussian_fused_full_volume"", ""D2"": ""patch_upsampled_then_sliding_window_gaussian_fused_full_volume"", ""D3"": ""patch_upsampled_then_sliding_window_gaussian_fused_full_volume"", ""D4"": ""patch_upsampled_then_sliding_window_gaussian_fused_full_volume"", ""D5"": ""final_output_sliding_window_gaussian_fused_full_volume""}",10,"[0.9520890712738037, 0.9518740177154541, 0.9520485997200012, 0.9524511694908142, 0.9521002173423767, 0.9521164894104004, 0.9518814086914062, 0.9520513415336609, 0.9518658518791199, 0.9524109959602356]","[4.0, 8.0, 6.0, 0.0, 3.0, 2.0, 7.0, 5.0, 9.0, 1.0]","[{""scale"": 1.0, ""offset"": 0.0}, {""scale"": 1.0265949964523315, ""offset"": -0.13313600420951843}, {""scale"": 0.904354453086853, ""offset"": -0.07795440405607224}, {""scale"": 0.8645005822181702, ""offset"": 0.14820899069309235}, {""scale"": 0.9488123655319214, ""offset"": 0.053633399307727814}, {""scale"": 1.0545655488967896, ""offset"": -0.05579434707760811}, {""scale"": 0.8553650975227356, ""offset"": -0.13103090226650238}, {""scale"": 1.1352009773254395, ""offset"": -0.09119552373886108}, {""scale"": 0.947715699672699, ""offset"": -0.12205222994089127}, {""scale"": 0.8744548559188843, ""offset"": 0.13605481386184692}]",20,3
